Obs,GEOID,Population,DemRep,WParty
1,1001,"55,869",0.327,0
2,1003,"223,234",0.253,0
3,1005,"24,686",0.893,0
4,1007,"22,394",0.278,0
5,1009,"57,826",0.094,0
6,1011,"10,101",3.096,1
7,1013,"19,448",0.76,0
8,1015,"113,605",0.403,0
9,1017,"33,254",0.737,0
10,1019,"26,196",0.173,0
11,1021,"44,428",0.193,0
12,1023,"12,589",0.757,0
13,1025,"23,622",0.805,0
14,1027,"13,235",0.236,0
15,1029,"14,910",0.119,0
16,1031,"52,342",0.266,0
17,1033,"55,241",0.437,0
18,1035,"12,067",0.901,0
19,1039,"37,049",0.18,0
20,1037,"10,663",0.527,0
21,1041,"13,772",0.369,0
22,1043,"83,768",0.115,0
23,1045,"49,172",0.32,0
24,1047,"37,196",2.217,1
25,1049,"71,513",0.169,0
26,1051,"81,209",0.306,0
27,1053,"36,633",0.464,0
28,1055,"102,268",0.323,0
29,1057,"16,302",0.203,0
30,1059,"31,362",0.232,0
31,1061,"26,271",0.153,0
32,1063,"8,111",4.789,1
33,1065,"14,651",1.505,1
34,1069,"105,882",0.347,0
35,1071,"51,626",0.22,0
36,1067,"17,205",0.407,0
37,1073,"658,573",1.164,1
38,1077,"92,729",0.357,0
39,1079,"32,924",0.335,0
40,1081,"164,542",0.613,0
41,1075,"13,805",0.178,0
42,1083,"98,915",0.326,0
43,1089,"372,909",0.702,0
44,1091,"18,863",1.073,1
45,1093,"29,709",0.127,0
46,1095,"96,774",0.168,0
47,1085,"9,726",2.789,1
48,1097,"413,210",0.759,0
49,1087,"18,068",5.287,1
50,1099,"20,733",0.748,0
51,1101,"226,486",1.733,1
52,1103,"119,679",0.3,0
53,1107,"19,930",0.728,0
54,1109,"33,114",0.657,0
55,1111,"22,722",0.297,0
56,1113,"57,961",1.04,1
57,1115,"89,512",0.177,0
58,1117,"217,702",0.315,0
59,1105,"8,923",2.718,1
60,1119,"12,427",3.002,1
61,1121,"79,978",0.588,0
62,1123,"40,367",0.406,0
63,1125,"209,355",0.666,0
64,1127,"63,521",0.185,0
65,1129,"16,326",0.393,0
66,1131,"10,373",2.498,1
67,1133,"23,629",0.094,0
68,2000,"731,545",0.713,0
69,4001,"71,887",2.073,1
70,4003,"125,922",0.621,0
71,4005,"143,476",1.535,1
72,4007,"54,018",0.494,0
73,4009,"38,837",0.411,0
74,4011,"9,498",0.577,0
75,4012,"21,108",0.393,0
76,4013,"4,485,414",0.941,0
77,4015,"212,181",0.299,0
78,4017,"110,924",0.8,0
79,4019,"1,047,279",1.342,1
80,4021,"462,789",0.658,0
81,4023,"46,498",3,1
82,4025,"235,099",0.499,0
83,4027,"213,787",0.978,0
84,5001,"17,486",0.507,0
85,5003,"19,657",0.451,0
86,5005,"41,932",0.284,0
87,5007,"279,141",0.46,0
88,5009,"37,432",0.239,0
89,5011,"10,763",0.609,0
90,5013,"5,189",0.411,0
91,5015,"28,380",0.492,0
92,5017,"10,118",1.369,1
93,5019,"22,320",0.822,0
94,5021,"14,551",0.317,0
95,5023,"24,919",0.222,0
96,5025,"7,956",0.294,0
97,5027,"23,457",0.576,0
98,5029,"20,846",0.548,0
99,5031,"110,332",0.46,0
100,5033,"63,257",0.269,0
101,5035,"47,955",1.208,1
102,5037,"16,419",0.436,0
103,5039,"7,009",0.772,0
104,5041,"11,361",1.161,1
105,5043,"18,219",0.596,0
106,5045,"126,007",0.499,0
107,5047,"17,715",0.273,0
108,5049,"12,477",0.307,0
109,5051,"99,386",0.472,0
110,5053,"18,265",0.24,0
111,5055,"45,325",0.286,0
112,5057,"21,532",0.54,0
113,5059,"33,771",0.385,0
114,5061,"13,202",0.428,0
115,5063,"37,825",0.29,0
116,5065,"13,629",0.275,0
117,5067,"16,719",0.485,0
118,5069,"66,824",1.705,1
119,5071,"26,578",0.398,0
120,5073,"6,624",0.587,0
121,5075,"16,406",0.311,0
122,5077,"8,857",1.412,1
123,5079,"13,024",0.51,0
124,5081,"12,259",0.388,0
125,5083,"21,466",0.298,0
126,5085,"73,309",0.284,0
127,5087,"16,576",0.322,0
128,5093,"40,651",0.803,0
129,5089,"16,694",0.269,0
130,5103,"23,382",0.808,0
131,5091,"43,257",0.378,0
132,5107,"17,782",1.762,1
133,5109,"10,718",0.217,0
134,5095,"6,701",0.881,0
135,5113,"19,964",0.183,0
136,5097,"8,986",0.283,0
137,5115,"64,072",0.308,0
138,5099,"8,252",0.579,0
139,5119,"391,911",1.462,1
140,5101,"7,753",0.243,0
141,5121,"17,958",0.316,0
142,5123,"24,994",1.262,1
143,5105,"10,455",0.349,0
144,5125,"122,437",0.37,0
145,5127,"10,281",0.22,0
146,5131,"127,827",0.422,0
147,5111,"23,528",0.342,0
148,5133,"17,007",0.328,0
149,5137,"12,506",0.292,0
150,5139,"38,682",0.56,0
151,5117,"8,062",0.325,0
152,5141,"16,545",0.288,0
153,5143,"239,187",0.804,0
154,5145,"78,753",0.245,0
155,5149,"21,341",0.321,0
156,6001,"1,671,329",5.367,1
157,6005,"39,752",0.573,0
158,5129,"7,881",0.203,0
159,6007,"219,186",0.921,0
160,6009,"45,905",0.588,0
161,6011,"21,547",0.749,0
162,5135,"17,442",0.272,0
163,6013,"1,153,526",2.754,1
164,6015,"27,812",0.679,0
165,6017,"192,843",0.739,0
166,6019,"999,101",1.139,1
167,6021,"28,393",0.53,0
168,6023,"135,558",1.807,1
169,5147,"6,320",0.83,0
170,6025,"181,215",2.571,1
171,6027,"18,039",0.743,0
172,6029,"900,202",0.762,0
173,6003,"1,129",1.539,1
174,6031,"152,940",0.753,0
175,6033,"64,386",1.085,1
176,6035,"30,573",0.294,0
177,6037,"10,039,107",3.202,1
178,6039,"157,327",0.729,0
179,6041,"258,826",4.993,1
180,6043,"17,203",0.602,0
181,6045,"86,749",2.028,1
182,6047,"277,680",1.299,1
183,6049,"8,841",0.325,0
184,6051,"14,444",1.314,1
185,6053,"434,061",2.553,1
186,6055,"137,744",2.251,1
187,6057,"99,755",1.115,1
188,6059,"3,175,692",1.203,1
189,6061,"398,329",0.773,0
190,6063,"18,807",0.638,0
191,6065,"2,470,546",1.121,1
192,6067,"1,552,058",1.718,1
193,6069,"62,808",1.597,1
194,6071,"2,180,085",1.257,1
195,6073,"3,338,330",1.539,1
196,6075,"881,549",9.156,1
197,6077,"762,148",1.362,1
198,6079,"283,111",1.195,1
199,6081,"766,573",4.106,1
200,6083,"446,499",1.901,1
201,6085,"1,927,852",3.533,1
202,6087,"273,213",4.245,1
203,6089,"180,080",0.431,0
204,6093,"43,539",0.638,0
205,6095,"447,643",1.971,1
206,6097,"494,336",3.121,1
207,6099,"550,660",1.04,1
208,6101,"96,971",0.719,0
209,6103,"65,084",0.439,0
210,6105,"12,285",0.787,0
211,6107,"466,195",0.816,0
212,6109,"54,478",0.627,0
213,6111,"846,006",1.469,1
214,6113,"220,500",2.64,1
215,6115,"78,668",0.601,0
216,8001,"517,421",1.206,1
217,8003,"16,233",1.047,1
218,6091,"3,005",0.573,0
219,8005,"656,590",1.366,1
220,8007,"14,029",0.586,0
221,8009,"3,581",0.161,0
222,8013,"326,196",3.197,1
223,8014,"70,465",1.373,1
224,8015,"20,356",0.907,0
225,8017,"1,831",0.143,0
226,8021,"8,205",0.925,0
227,8029,"31,162",0.351,0
228,8031,"727,211",3.901,1
229,8035,"351,154",0.669,0
230,8037,"55,127",1.568,1
231,8041,"720,403",0.603,0
232,8043,"47,839",0.35,0
233,8045,"60,061",0.858,0
234,8049,"15,734",0.747,0
235,8051,"17,462",1.559,1
236,8055,"6,897",0.867,0
237,8011,"5,577",0.497,0
238,8059,"582,881",1.164,1
239,8061,"1,406",0.125,0
240,8063,"7,097",0.181,0
241,8065,"8,127",1.272,1
242,8067,"56,221",1.233,1
243,8019,"9,700",1.06,1
244,8069,"356,899",1.116,1
245,8071,"14,506",0.714,0
246,8023,"3,887",1.913,1
247,8073,"5,701",0.216,0
248,8025,"6,061",0.314,0
249,8075,"22,409",0.254,0
250,8027,"5,068",0.387,0
251,8077,"154,210",0.437,0
252,8081,"13,283",0.165,0
253,8083,"26,183",0.506,0
254,8033,"2,055",0.256,0
255,8085,"42,758",0.38,0
256,8087,"29,068",0.387,0
257,8089,"18,278",0.597,0
258,8039,"26,729",0.268,0
259,8095,"4,265",0.243,0
260,8097,"17,767",2.876,1
261,8099,"12,172",0.336,0
262,8101,"168,424",0.989,0
263,8047,"6,243",1.043,1
264,8103,"6,324",0.156,0
265,8105,"11,267",0.649,0
266,8107,"25,638",1.453,1
267,8053,820,0.581,0
268,8115,"2,248",0.263,0
269,8117,"31,011",1.874,1
270,8057,"1,392",0.272,0
271,8119,"25,388",0.37,0
272,8123,"324,492",0.607,0
273,8125,"10,019",0.189,0
274,9001,"943,332",1.523,1
275,9003,"891,720",1.622,1
276,9005,"180,333",0.75,0
277,9007,"162,436",1.167,1
278,9009,"854,757",1.293,1
279,9011,"265,206",1.152,1
280,9013,"150,721",1.126,1
281,9015,"116,782",0.846,0
282,8079,769,0.689,0
283,10001,"180,786",0.902,0
284,10003,"558,753",1.905,1
285,10005,"234,225",0.628,0
286,11001,"705,749",22.23,1
287,12001,"269,043",1.619,1
288,12003,"29,210",0.205,0
289,8091,"4,952",1.256,1
290,12005,"174,705",0.35,0
291,8093,"18,845",0.558,0
292,12007,"28,201",0.328,0
293,12009,"601,942",0.658,0
294,12011,"1,952,778",2.12,1
295,12013,"14,105",0.267,0
296,12015,"188,910",0.555,0
297,12017,"149,657",0.418,0
298,12019,"219,252",0.371,0
299,12021,"384,902",0.579,0
300,8109,"6,824",1.235,1
301,12023,"71,686",0.373,0
302,8111,728,1.233,1
303,12027,"38,001",0.558,0
304,8113,"8,179",2.88,1
305,12031,"957,755",0.972,0
306,12033,"318,316",0.647,0
307,12035,"115,081",0.651,0
308,12037,"12,125",0.423,0
309,8121,"4,908",0.129,0
310,12039,"45,660",2.232,1
311,12045,"13,639",0.323,0
312,12049,"26,937",0.41,0
313,12051,"42,022",0.745,0
314,12053,"193,920",0.539,0
315,12055,"106,221",0.505,0
316,12057,"1,471,968",1.154,1
317,12059,"19,617",0.114,0
318,12061,"159,923",0.597,0
319,12063,"46,414",0.449,0
320,12069,"367,118",0.615,0
321,12071,"770,577",0.652,0
322,12073,"293,582",1.711,1
323,12075,"41,503",0.37,0
324,12079,"18,493",0.727,0
325,12081,"403,253",0.699,0
326,12083,"365,579",0.575,0
327,12085,"161,000",0.567,0
328,12086,"2,716,940",1.869,1
329,12087,"74,228",0.866,0
330,12089,"88,625",0.317,0
331,12091,"210,738",0.331,0
332,12093,"42,168",0.423,0
333,12095,"1,393,452",1.69,1
334,12097,"375,751",1.699,1
335,12099,"1,496,770",1.375,1
336,12101,"553,947",0.634,0
337,12103,"974,996",0.977,0
338,12029,"16,826",0.218,0
339,12105,"724,777",0.746,0
340,12107,"74,521",0.456,0
341,12109,"264,672",0.486,0
342,12111,"328,297",0.952,0
343,12113,"184,313",0.283,0
344,12115,"433,742",0.786,0
345,12041,"18,582",0.216,0
346,12117,"471,826",0.968,0
347,12043,"13,811",0.424,0
348,12121,"44,417",0.277,0
349,12123,"21,569",0.311,0
350,12047,"14,428",0.553,0
351,12125,"15,237",0.222,0
352,12127,"553,284",0.763,0
353,12131,"74,071",0.267,0
354,12133,"25,473",0.262,0
355,13001,"18,386",0.261,0
356,13005,"11,164",0.181,0
357,13009,"44,890",1.035,1
358,13013,"83,240",0.312,0
359,13015,"107,738",0.275,0
360,12065,"14,246",0.901,0
361,13017,"16,700",0.562,0
362,12067,"8,422",0.184,0
363,13019,"19,397",0.193,0
364,13021,"153,159",1.53,1
365,13023,"12,873",0.296,0
366,13027,"15,457",0.683,0
367,13031,"79,608",0.613,0
368,12077,"8,354",0.256,0
369,13033,"22,383",1.053,1
370,13035,"24,936",0.382,0
371,13037,"6,189",1.42,1
372,13039,"54,666",0.482,0
373,13043,"10,803",0.385,0
374,13045,"119,992",0.415,0
375,13047,"67,580",0.229,0
376,13049,"13,392",0.34,0
377,13051,"289,430",1.363,1
378,13057,"258,773",0.313,0
379,13059,"128,331",2.328,1
380,13063,"292,256",6.186,1
381,13065,"6,618",0.397,0
382,13067,"760,141",1.047,1
383,13069,"43,273",0.427,0
384,13071,"45,600",0.35,0
385,13073,"156,714",0.438,0
386,13075,"17,270",0.42,0
387,13077,"148,509",0.39,0
388,13081,"22,372",0.624,0
389,13083,"16,116",0.191,0
390,13087,"26,404",0.685,0
391,12119,"132,420",0.429,0
392,13089,"759,297",4.884,1
393,13091,"20,605",0.366,0
394,13095,"87,956",2.278,1
395,13097,"146,343",1.249,1
396,13099,"10,190",0.85,0
397,12129,"33,739",0.414,0
398,13103,"64,296",0.272,0
399,13105,"19,194",0.48,0
400,13107,"22,646",0.456,0
401,13109,"10,654",0.47,0
402,13003,"8,165",0.371,0
403,13111,"26,188",0.2,0
404,13113,"114,421",0.664,0
405,13007,"3,038",0.839,0
406,13115,"98,498",0.38,0
407,13117,"244,252",0.336,0
408,13011,"19,234",0.112,0
409,13119,"23,349",0.176,0
410,13121,"1,063,937",2.522,1
411,13123,"31,369",0.188,0
412,13127,"85,292",0.547,0
413,13129,"57,963",0.209,0
414,13131,"24,633",0.498,0
415,13133,"18,324",0.583,0
416,13025,"19,109",0.111,0
417,13135,"936,250",1.13,1
418,13137,"45,328",0.188,0
419,13029,"39,627",0.381,0
420,13139,"204,441",0.313,0
421,13143,"29,792",0.154,0
422,13147,"26,205",0.355,0
423,13151,"234,561",1.095,1
424,13153,"157,863",0.637,0
425,13155,"9,416",0.328,0
426,13157,"72,977",0.206,0
427,13159,"14,219",0.354,0
428,13161,"15,115",0.22,0
429,13163,"15,362",1.247,1
430,13165,"8,676",0.593,0
431,13053,"10,907",0.791,0
432,13173,"10,423",0.406,0
433,13055,"24,789",0.25,0
434,13175,"47,546",0.544,0
435,13179,"61,435",1.558,1
436,13185,"117,406",0.696,0
437,13061,"2,834",1.231,1
438,13187,"33,610",0.231,0
439,13189,"21,312",0.681,0
440,13193,"12,947",1.756,1
441,13199,"21,167",0.728,0
442,13201,"5,718",0.329,0
443,13205,"21,863",0.816,0
444,13207,"27,578",0.404,0
445,13211,"19,276",0.406,0
446,13213,"40,096",0.174,0
447,13079,"12,404",0.391,0
448,13215,"195,769",1.477,1
449,13217,"111,744",1.049,1
450,13223,"168,667",0.404,0
451,13085,"26,108",0.146,0
452,13225,"27,546",0.942,0
453,13227,"32,591",0.17,0
454,13233,"42,613",0.26,0
455,13235,"11,137",0.453,0
456,13093,"13,390",0.96,0
457,13237,"22,119",0.421,0
458,13241,"17,137",0.23,0
459,13243,"6,778",1.257,1
460,13245,"202,518",1.996,1
461,13101,"4,006",0.155,0
462,13247,"90,896",1.725,1
463,13251,"13,966",0.696,0
464,13253,"8,090",0.507,0
465,13255,"66,703",0.598,0
466,13257,"25,925",0.239,0
467,13259,"6,621",1.518,1
468,13261,"29,524",1.046,1
469,13267,"25,286",0.33,0
470,13275,"44,451",0.636,0
471,13277,"40,644",0.454,0
472,13279,"26,830",0.353,0
473,13281,"12,037",0.225,0
474,13125,"2,971",0.112,0
475,13285,"69,922",0.617,0
476,13291,"24,511",0.199,0
477,13293,"26,320",0.477,0
478,13297,"94,593",0.266,0
479,13299,"35,734",0.404,0
480,13303,"20,374",1.012,1
481,13305,"29,927",0.25,0
482,13309,"7,855",0.455,0
483,13141,"8,457",3.204,1
484,13313,"104,628",0.369,0
485,13317,"9,777",0.719,0
486,13145,"35,236",0.342,0
487,13321,"20,247",0.328,0
488,15001,"201,513",2.358,1
489,13149,"11,923",0.22,0
490,15003,"974,563",1.945,1
491,15007,"72,293",2.173,1
492,15009,"167,417",2.49,1
493,16001,"481,587",0.807,0
494,16005,"87,808",0.602,0
495,16007,"6,125",0.116,0
496,16009,"9,298",0.248,0
497,16011,"46,811",0.268,0
498,16013,"23,021",1.921,1
499,13167,"9,643",0.451,0
500,16017,"45,739",0.436,0
501,13169,"28,735",0.477,0
502,16019,"119,062",0.334,0
503,13171,"19,077",0.437,0
504,16021,"12,245",0.246,0
505,16023,"2,597",0.175,0
506,16027,"229,849",0.358,0
507,13177,"29,992",0.298,0
508,16029,"7,155",0.119,0
509,16031,"24,030",0.174,0
510,13181,"7,921",0.461,0
511,16035,"8,756",0.247,0
512,13183,"19,559",0.518,0
513,16039,"27,511",0.312,0
514,16041,"13,876",0.099,0
515,16045,"18,112",0.206,0
516,16047,"15,179",0.248,0
517,13191,"14,378",0.66,0
518,16049,"16,667",0.186,0
519,16053,"24,412",0.286,0
520,13195,"29,880",0.264,0
521,16055,"165,697",0.366,0
522,13197,"8,359",0.631,0
523,16057,"40,108",1.114,1
524,16059,"8,027",0.243,0
525,16065,"39,907",0.134,0
526,16067,"21,039",0.239,0
527,16069,"40,408",0.451,0
528,13209,"9,172",0.317,0
529,16071,"4,531",0.12,0
530,16077,"7,681",0.42,0
531,16079,"12,882",0.42,0
532,16081,"12,142",0.996,0
533,16083,"86,878",0.314,0
534,13219,"40,280",0.416,0
535,16085,"11,392",0.658,0
536,13221,"15,259",0.396,0
537,16087,"10,194",0.236,0
538,17001,"65,435",0.337,0
539,17005,"16,426",0.423,0
540,17007,"53,544",0.732,0
541,13229,"19,465",0.143,0
542,17011,"32,628",0.65,0
543,13231,"18,962",0.17,0
544,17019,"209,689",1.503,1
545,17021,"32,304",0.379,0
546,17025,"13,184",0.203,0
547,17027,"37,562",0.318,0
548,13239,"2,299",0.802,0
549,17029,"50,621",0.562,0
550,17031,"5,150,233",3.556,1
551,17033,"18,667",0.317,0
552,17037,"104,897",1.072,1
553,17039,"15,638",0.376,0
554,13249,"5,257",0.272,0
555,17043,"922,921",1.374,1
556,17045,"17,161",0.318,0
557,17049,"34,008",0.226,0
558,17051,"21,336",0.247,0
559,17053,"12,961",0.316,0
560,17055,"38,469",0.36,0
561,17057,"34,340",0.722,0
562,13263,"6,195",1.674,1
563,17061,"12,969",0.291,0
564,13265,"1,537",1.562,1
565,17063,"51,054",0.599,0
566,17065,"8,116",0.25,0
567,13269,"8,020",0.628,0
568,17067,"17,708",0.333,0
569,13271,"15,860",0.536,0
570,17069,"3,821",0.254,0
571,13273,"8,531",1.21,1
572,17073,"48,913",0.634,0
573,17075,"27,114",0.257,0
574,17077,"56,750",1.073,1
575,17081,"37,684",0.378,0
576,17083,"21,773",0.346,0
577,13283,"6,901",0.477,0
578,17085,"21,235",0.729,0
579,17089,"532,403",1.253,1
580,13287,"7,985",0.595,0
581,17091,"109,862",0.755,0
582,13289,"8,120",0.969,0
583,17095,"49,699",0.939,0
584,17097,"696,535",1.559,1
585,17099,"108,669",0.732,0
586,13295,"69,761",0.222,0
587,17101,"15,678",0.285,0
588,17103,"34,096",0.642,0
589,17105,"35,648",0.394,0
590,13301,"5,254",1.326,1
591,17107,"28,618",0.405,0
592,17109,"29,682",0.778,0
593,17111,"307,774",0.849,0
594,13307,"2,607",0.751,0
595,17113,"171,517",0.972,0
596,17115,"104,009",0.683,0
597,13311,"30,798",0.171,0
598,17117,"44,926",0.467,0
599,17119,"262,966",0.718,0
600,13315,"8,635",0.406,0
601,17121,"37,205",0.368,0
602,17125,"13,359",0.496,0
603,13319,"8,954",0.812,0
604,17127,"13,772",0.322,0
605,17131,"15,437",0.639,0
606,17135,"28,414",0.406,0
607,17137,"33,658",0.517,0
608,17141,"50,643",0.561,0
609,17143,"179,179",1.068,1
610,17145,"20,916",0.359,0
611,16003,"4,294",0.267,0
612,17147,"16,344",0.469,0
613,17149,"15,561",0.246,0
614,17157,"31,782",0.343,0
615,17159,"15,513",0.276,0
616,17161,"141,879",1.196,1
617,17163,"259,686",1.128,1
618,16015,"7,831",0.291,0
619,17165,"23,491",0.311,0
620,17167,"194,672",0.819,0
621,17169,"6,768",0.426,0
622,17173,"21,634",0.278,0
623,17177,"44,498",0.701,0
624,16025,"1,106",0.268,0
625,17179,"131,803",0.534,0
626,17181,"16,653",0.415,0
627,17183,"75,758",0.526,0
628,17185,"11,520",0.284,0
629,16033,845,0.217,0
630,17187,"16,844",0.699,0
631,17189,"13,887",0.26,0
632,16037,"4,315",0.24,0
633,17191,"16,215",0.15,0
634,17195,"55,175",0.875,0
635,17197,"690,743",1.145,1
636,16043,"13,099",0.159,0
637,17199,"66,597",0.398,0
638,17201,"282,572",1.002,1
639,17203,"38,459",0.386,0
640,18001,"35,777",0.291,0
641,16051,"29,871",0.116,0
642,18003,"379,299",0.66,0
643,18005,"83,779",0.477,0
644,18009,"11,758",0.371,0
645,18011,"67,843",0.518,0
646,18017,"37,689",0.387,0
647,16061,"3,838",0.225,0
648,18019,"118,302",0.626,0
649,16063,"5,366",0.304,0
650,18021,"26,225",0.27,0
651,18023,"32,399",0.33,0
652,18027,"33,351",0.211,0
653,18029,"49,458",0.27,0
654,18031,"26,559",0.25,0
655,16073,"11,823",0.194,0
656,18033,"43,475",0.327,0
657,16075,"23,951",0.232,0
658,18035,"114,135",0.748,0
659,18037,"42,736",0.403,0
660,18039,"206,341",0.495,0
661,18041,"23,102",0.329,0
662,18043,"78,522",0.651,0
663,18049,"19,974",0.326,0
664,18051,"33,659",0.336,0
665,18053,"65,769",0.412,0
666,17003,"5,761",0.844,0
667,18055,"31,922",0.285,0
668,18057,"338,011",0.655,0
669,18059,"78,168",0.355,0
670,17009,"6,578",0.265,0
671,18061,"40,515",0.37,0
672,18063,"170,311",0.468,0
673,17013,"4,739",0.429,0
674,18065,"47,972",0.369,0
675,17015,"14,305",0.552,0
676,18067,"82,544",0.474,0
677,17017,"12,147",0.504,0
678,18069,"36,520",0.301,0
679,18071,"44,231",0.299,0
680,18073,"33,562",0.355,0
681,17023,"15,441",0.334,0
682,18075,"20,436",0.332,0
683,18077,"32,308",0.506,0
684,18079,"27,735",0.287,0
685,18081,"158,167",0.381,0
686,18083,"36,594",0.341,0
687,18085,"79,456",0.264,0
688,17035,"10,766",0.245,0
689,18087,"39,614",0.296,0
690,18089,"485,493",1.546,1
691,18091,"109,888",0.873,0
692,17041,"19,465",0.342,0
693,18093,"45,370",0.3,0
694,18095,"129,569",0.574,0
695,18097,"964,582",1.633,1
696,17047,"6,395",0.156,0
697,18099,"46,258",0.39,0
698,18103,"35,516",0.277,0
699,18105,"148,431",1.662,1
700,18107,"38,338",0.304,0
701,18109,"70,489",0.255,0
702,18113,"47,744",0.32,0
703,17059,"4,828",0.338,0
704,18117,"19,646",0.353,0
705,18123,"19,169",0.672,0
706,18127,"170,389",0.867,0
707,18131,"12,353",0.344,0
708,18133,"37,576",0.316,0
709,18135,"24,665",0.325,0
710,17071,"6,646",0.536,0
711,18137,"28,324",0.252,0
712,18139,"16,581",0.288,0
713,18141,"271,826",1.004,1
714,18143,"23,873",0.435,0
715,17079,"9,610",0.232,0
716,18145,"44,729",0.334,0
717,18149,"22,995",0.391,0
718,18151,"34,594",0.369,0
719,18153,"20,669",0.344,0
720,17087,"12,417",0.246,0
721,18157,"195,732",0.887,0
722,18159,"15,148",0.284,0
723,18163,"181,451",0.705,0
724,17093,"128,990",0.997,0
725,18165,"15,498",0.461,0
726,18167,"107,038",0.726,0
727,18169,"30,996",0.307,0
728,18171,"8,265",0.29,0
729,18173,"62,998",0.475,0
730,18175,"28,036",0.321,0
731,18177,"65,884",0.519,0
732,18179,"28,296",0.258,0
733,18181,"24,102",0.376,0
734,18183,"33,964",0.297,0
735,19001,"7,152",0.46,0
736,19003,"3,602",0.405,0
737,19005,"13,687",0.591,0
738,19007,"12,426",0.45,0
739,19009,"5,496",0.506,0
740,17123,"11,438",0.473,0
741,19011,"25,645",0.568,0
742,19013,"131,228",1.173,1
743,19015,"26,234",0.74,0
744,17129,"12,196",0.429,0
745,19017,"25,062",0.743,0
746,19019,"21,175",0.721,0
747,17133,"34,637",0.438,0
748,19021,"19,620",0.583,0
749,19025,"9,668",0.403,0
750,19027,"20,165",0.498,0
751,17139,"14,501",0.332,0
752,19029,"12,836",0.41,0
753,19033,"42,450",0.849,0
754,19035,"11,235",0.401,0
755,19037,"11,933",0.606,0
756,19039,"9,395",0.54,0
757,19041,"16,016",0.383,0
758,17151,"4,177",0.223,0
759,19043,"17,549",0.609,0
760,17153,"5,335",0.574,0
761,19045,"46,429",0.895,0
762,17155,"5,739",0.649,0
763,19047,"16,820",0.431,0
764,19049,"93,453",0.812,0
765,19051,"9,000",0.359,0
766,19053,"7,870",0.523,0
767,19055,"17,011",0.519,0
768,19057,"38,967",0.862,0
769,19059,"17,258",0.453,0
770,19061,"97,311",0.974,0
771,17171,"4,951",0.272,0
772,19063,"9,208",0.434,0
773,19065,"19,650",0.656,0
774,17175,"5,342",0.422,0
775,19067,"15,642",0.727,0
776,19069,"10,070",0.472,0
777,19071,"6,960",0.4,0
778,19073,"8,888",0.6,0
779,19075,"12,232",0.41,0
780,19077,"10,689",0.477,0
781,19079,"14,773",0.611,0
782,19081,"10,630",0.399,0
783,19083,"16,846",0.53,0
784,17193,"13,537",0.25,0
785,19085,"14,049",0.435,0
786,19087,"19,954",0.503,0
787,19089,"9,158",0.642,0
788,19091,"9,558",0.351,0
789,19093,"6,860",0.298,0
790,19095,"16,184",0.593,0
791,19097,"19,439",0.659,0
792,19099,"37,185",0.673,0
793,19101,"18,295",0.99,0
794,18007,"8,748",0.333,0
795,19103,"151,140",2.385,1
796,19105,"20,681",0.662,0
797,19107,"10,246",0.396,0
798,18013,"15,092",0.502,0
799,19109,"14,813",0.45,0
800,18015,"20,257",0.302,0
801,19111,"33,657",0.706,0
802,19113,"226,706",1.218,1
803,19117,"8,600",0.431,0
804,19119,"11,755",0.177,0
805,19121,"16,338",0.5,0
806,18025,"10,577",0.439,0
807,19123,"22,095",0.352,0
808,19125,"33,253",0.5,0
809,19127,"39,369",0.837,0
810,19131,"10,586",0.592,0
811,19133,"8,615",0.4,0
812,19135,"7,707",0.4,0
813,19137,"9,917",0.382,0
814,19139,"42,664",0.873,0
815,19141,"13,753",0.229,0
816,19143,"5,958",0.218,0
817,18045,"16,346",0.261,0
818,19145,"15,107",0.369,0
819,18047,"22,758",0.227,0
820,19147,"8,886",0.454,0
821,19149,"25,177",0.298,0
822,19151,"6,619",0.356,0
823,19153,"490,161",1.281,1
824,19155,"93,206",0.628,0
825,19157,"18,504",0.87,0
826,19159,"4,894",0.413,0
827,19161,"9,721",0.343,0
828,19163,"172,943",1.033,1
829,19165,"11,454",0.381,0
830,19167,"34,855",0.156,0
831,19169,"97,117",1.321,1
832,19175,"12,241",0.545,0
833,19177,"7,044",0.334,0
834,19179,"34,969",0.642,0
835,19183,"21,965",0.639,0
836,19185,"6,441",0.348,0
837,19187,"35,904",0.627,0
838,19191,"19,991",0.983,0
839,19193,"103,107",0.656,0
840,19197,"12,562",0.499,0
841,20001,"12,369",0.392,0
842,20003,"7,858",0.276,0
843,20005,"16,073",0.491,0
844,20007,"4,427",0.155,0
845,20009,"25,779",0.233,0
846,20011,"14,534",0.302,0
847,18101,"10,255",0.238,0
848,20013,"9,564",0.297,0
849,20015,"66,911",0.345,0
850,20019,"3,250",0.159,0
851,20021,"19,939",0.324,0
852,20023,"2,657",0.154,0
853,18111,"13,984",0.344,0
854,20025,"1,994",0.145,0
855,20027,"8,002",0.234,0
856,18115,"5,875",0.324,0
857,20029,"8,786",0.261,0
858,20031,"8,179",0.238,0
859,18119,"20,799",0.316,0
860,20033,"1,700",0.143,0
861,18121,"16,937",0.296,0
862,20035,"34,908",0.429,0
863,20037,"38,818",0.603,0
864,18125,"12,389",0.295,0
865,20039,"2,827",0.147,0
866,20041,"18,466",0.267,0
867,18129,"25,427",0.419,0
868,20045,"122,259",2.124,1
869,20047,"2,798",0.204,0
870,20051,"28,553",0.324,0
871,20053,"6,102",0.265,0
872,20055,"36,467",0.503,0
873,20057,"33,619",0.42,0
874,20059,"25,544",0.403,0
875,20061,"31,670",0.637,0
876,20063,"2,636",0.131,0
877,18147,"20,277",0.435,0
878,20065,"2,482",0.183,0
879,20067,"7,150",0.244,0
880,20071,"1,232",0.155,0
881,20073,"5,982",0.225,0
882,18155,"10,751",0.364,0
883,20075,"2,539",0.172,0
884,20077,"5,436",0.197,0
885,20079,"34,429",0.585,0
886,18161,"7,054",0.292,0
887,20081,"3,968",0.236,0
888,20083,"1,794",0.145,0
889,20085,"13,171",0.384,0
890,20087,"19,043",0.483,0
891,20089,"2,879",0.147,0
892,20091,"602,401",0.944,0
893,20093,"3,838",0.162,0
894,20095,"7,152",0.237,0
895,20097,"2,475",0.127,0
896,20099,"19,618",0.429,0
897,20101,"1,535",0.148,0
898,20103,"81,758",0.579,0
899,20105,"2,962",0.182,0
900,20109,"2,794",0.132,0
901,20111,"33,195",0.71,0
902,20113,"28,542",0.377,0
903,20115,"11,884",0.301,0
904,20117,"9,707",0.324,0
905,20119,"4,033",0.148,0
906,20121,"34,237",0.399,0
907,20123,"5,979",0.207,0
908,20125,"31,829",0.304,0
909,20127,"5,620",0.33,0
910,19023,"14,439",0.438,0
911,20129,"2,587",0.148,0
912,20131,"10,231",0.176,0
913,20133,"16,007",0.339,0
914,20135,"2,750",0.132,0
915,19031,"18,627",0.68,0
916,20137,"5,361",0.153,0
917,20141,"3,421",0.16,0
918,20143,"5,704",0.186,0
919,20145,"6,414",0.304,0
920,20147,"5,234",0.134,0
921,20149,"24,383",0.292,0
922,20151,"9,164",0.272,0
923,20153,"2,530",0.134,0
924,20155,"61,998",0.441,0
925,20157,"4,636",0.185,0
926,20159,"9,537",0.245,0
927,20161,"74,232",0.924,0
928,20163,"4,920",0.135,0
929,20165,"3,036",0.195,0
930,20167,"6,856",0.179,0
931,20169,"54,224",0.457,0
932,20171,"4,823",0.127,0
933,20173,"516,042",0.667,0
934,20175,"21,428",0.515,0
935,20177,"176,875",0.944,0
936,20179,"2,521",0.106,0
937,20181,"5,917",0.166,0
938,20183,"3,583",0.179,0
939,20185,"4,156",0.204,0
940,20187,"2,006",0.234,0
941,20189,"5,485",0.138,0
942,20191,"22,836",0.297,0
943,20193,"7,777",0.163,0
944,20195,"2,803",0.161,0
945,20201,"5,406",0.176,0
946,20203,"2,119",0.182,0
947,20205,"8,525",0.213,0
948,20209,"165,429",1.907,1
949,21001,"19,202",0.199,0
950,21003,"21,315",0.209,0
951,21009,"44,249",0.317,0
952,21013,"26,032",0.222,0
953,21015,"133,581",0.384,0
954,21017,"19,788",0.501,0
955,21019,"46,718",0.443,0
956,21021,"30,060",0.532,0
957,21025,"12,630",0.385,0
958,19115,"11,035",0.537,0
959,21027,"20,477",0.302,0
960,21033,"12,747",0.28,0
961,21035,"39,001",0.458,0
962,21037,"93,584",0.585,0
963,21041,"10,631",0.427,0
964,21045,"16,159",0.14,0
965,21047,"70,461",0.509,0
966,19129,"15,109",0.412,0
967,21049,"36,263",0.439,0
968,21051,"19,901",0.128,0
969,21053,"10,218",0.144,0
970,21055,"8,806",0.188,0
971,21057,"6,614",0.183,0
972,21059,"101,511",0.49,0
973,21065,"14,106",0.262,0
974,21067,"323,152",1.226,1
975,21069,"14,581",0.285,0
976,21071,"35,589",0.335,0
977,21073,"50,991",0.907,0
978,21075,"5,969",0.5,0
979,21081,"25,069",0.263,0
980,21083,"37,266",0.261,0
981,21085,"26,427",0.238,0
982,21087,"10,941",0.19,0
983,21093,"110,958",0.517,0
984,21095,"26,010",0.15,0
985,21097,"18,886",0.374,0
986,21099,"19,035",0.325,0
987,21101,"45,210",0.552,0
988,19171,"16,854",0.643,0
989,21107,"44,686",0.282,0
990,19173,"6,121",0.359,0
991,21111,"766,757",1.327,1
992,21115,"22,188",0.155,0
993,21117,"166,998",0.564,0
994,21121,"31,145",0.178,0
995,19181,"51,466",0.703,0
996,21125,"60,813",0.167,0
997,21127,"15,317",0.217,0
998,21131,"9,877",0.1,0
999,21133,"21,553",0.211,0
1000,19189,"10,354",0.56,0
1001,21137,"24,549",0.254,0
1002,21139,"9,194",0.248,0
1003,21141,"27,102",0.354,0
1004,19195,"7,381",0.624,0
1005,21145,"65,418",0.44,0
1006,21151,"92,987",0.503,0
1007,21155,"19,273",0.523,0
1008,21157,"31,100",0.298,0
1009,21161,"17,070",0.398,0
1010,21167,"21,933",0.309,0
1011,21171,"10,650",0.14,0
1012,21173,"28,157",0.402,0
1013,21175,"13,309",0.277,0
1014,21177,"30,622",0.348,0
1015,20017,"2,648",0.326,0
1016,21179,"46,233",0.479,0
1017,21181,"7,269",0.402,0
1018,21183,"23,994",0.262,0
1019,21185,"66,799",0.502,0
1020,21187,"10,901",0.284,0
1021,21191,"14,590",0.253,0
1022,21193,"25,758",0.262,0
1023,21195,"57,876",0.217,0
1024,21199,"64,979",0.184,0
1025,21203,"16,695",0.163,0
1026,21205,"24,460",0.637,0
1027,21207,"17,923",0.159,0
1028,21209,"57,004",0.513,0
1029,20043,"7,600",0.225,0
1030,21211,"49,024",0.476,0
1031,21213,"18,572",0.422,0
1032,21217,"25,769",0.307,0
1033,20049,"2,530",0.153,0
1034,21221,"14,651",0.322,0
1035,21225,"14,381",0.283,0
1036,21227,"132,896",0.592,0
1037,21231,"20,333",0.225,0
1038,21235,"36,264",0.183,0
1039,21239,"26,734",0.644,0
1040,22001,"62,045",0.266,0
1041,22003,"25,627",0.307,0
1042,22005,"126,604",0.456,0
1043,22007,"21,891",0.585,0
1044,20069,"5,988",0.155,0
1045,22009,"40,144",0.451,0
1046,22011,"37,497",0.196,0
1047,22013,"13,241",0.833,0
1048,22015,"127,039",0.356,0
1049,22017,"240,204",1.091,1
1050,22019,"203,436",0.485,0
1051,22021,"9,918",0.206,0
1052,22023,"6,973",0.099,0
1053,22027,"15,670",0.758,0
1054,22029,"19,259",0.597,0
1055,22031,"27,463",0.64,0
1056,22033,"440,059",1.215,1
1057,22035,"6,861",1.736,1
1058,22037,"19,135",0.76,0
1059,22039,"33,395",0.406,0
1060,22041,"20,015",0.385,0
1061,22045,"69,830",0.512,0
1062,22047,"32,511",1.137,1
1063,22049,"15,744",0.414,0
1064,20107,"9,703",0.211,0
1065,22051,"432,493",0.734,0
1066,22053,"31,368",0.286,0
1067,22055,"244,390",0.48,0
1068,22057,"97,614",0.264,0
1069,22059,"14,892",0.104,0
1070,22061,"46,742",0.66,0
1071,22063,"140,789",0.142,0
1072,22065,"10,951",1.424,1
1073,22067,"24,874",0.793,0
1074,22069,"38,158",0.797,0
1075,22071,"390,144",5.516,1
1076,22073,"153,279",0.585,0
1077,22077,"21,730",0.702,0
1078,22079,"129,648",0.498,0
1079,22081,"8,442",0.811,0
1080,22083,"20,122",0.502,0
1081,20139,"15,949",0.363,0
1082,22085,"23,884",0.216,0
1083,22087,"47,244",0.485,0
1084,22089,"53,100",0.515,0
1085,22091,"10,132",1.343,1
1086,22093,"21,096",1.176,1
1087,22095,"42,837",1.673,1
1088,22097,"82,124",0.783,0
1089,22099,"53,431",0.49,0
1090,22101,"49,348",0.561,0
1091,22103,"260,419",0.305,0
1092,22105,"134,758",0.497,0
1093,22109,"110,461",0.334,0
1094,22111,"22,108",0.338,0
1095,22113,"59,511",0.242,0
1096,22115,"47,429",0.198,0
1097,22117,"46,194",0.453,0
1098,22119,"38,340",0.542,0
1099,22123,"10,830",0.18,0
1100,22125,"15,568",0.663,0
1101,22127,"13,904",0.357,0
1102,23001,"108,277",0.815,0
1103,23003,"67,055",0.689,0
1104,23005,"295,003",1.784,1
1105,23007,"30,199",0.886,0
1106,23009,"54,987",1.176,1
1107,23011,"122,302",0.925,0
1108,23013,"39,772",1.36,1
1109,23015,"34,634",1.053,1
1110,23017,"57,975",0.751,0
1111,20197,"6,931",0.327,0
1112,23019,"152,148",0.789,0
1113,20199,"1,518",0.064,0
1114,23021,"16,785",0.573,0
1115,23025,"50,484",0.606,0
1116,23027,"39,715",1.006,1
1117,23029,"31,379",0.668,0
1118,20207,"3,138",0.252,0
1119,23031,"207,641",1.108,1
1120,24001,"70,416",0.37,0
1121,24003,"579,234",1.049,1
1122,24005,"827,370",1.461,1
1123,21005,"22,747",0.32,0
1124,24009,"92,525",0.696,0
1125,21007,"7,888",0.258,0
1126,24013,"168,447",0.456,0
1127,24015,"102,855",0.473,0
1128,21011,"12,500",0.442,0
1129,24017,"163,257",1.926,1
1130,24019,"31,929",0.742,0
1131,24021,"259,547",0.95,0
1132,24023,"29,014",0.238,0
1133,24025,"255,441",0.605,0
1134,24027,"325,690",2.161,1
1135,21023,"8,303",0.26,0
1136,24029,"19,422",0.938,0
1137,24031,"1,050,688",3.86,1
1138,24033,"909,327",10.486,1
1139,21029,"81,676",0.315,0
1140,24037,"113,510",0.612,0
1141,21031,"12,879",0.214,0
1142,24039,"25,616",0.786,0
1143,24041,"37,181",0.807,0
1144,24043,"151,049",0.515,0
1145,24045,"103,609",0.813,0
1146,21039,"4,760",0.206,0
1147,24047,"52,276",0.567,0
1148,24510,"593,490",8.041,1
1149,21043,"26,797",0.3,0
1150,25001,"212,990",1.339,1
1151,25003,"124,944",2.596,1
1152,25005,"565,217",1.229,1
1153,25007,"17,332",3.391,1
1154,25009,"789,034",1.631,1
1155,25011,"70,180",2.362,1
1156,25013,"466,372",1.431,1
1157,25015,"160,830",2.541,1
1158,25017,"1,611,699",2.368,1
1159,21061,"12,150",0.237,0
1160,25019,"11,399",2.191,1
1161,21063,"7,517",0.37,0
1162,25021,"706,775",1.853,1
1163,25023,"521,202",1.175,1
1164,25025,"803,907",4.874,1
1165,25027,"830,622",1.261,1
1166,26003,"9,108",0.643,0
1167,26005,"118,081",0.528,0
1168,26007,"28,405",0.537,0
1169,21077,"8,869",0.307,0
1170,26011,"14,883",0.482,0
1171,21079,"17,666",0.246,0
1172,26013,"8,209",0.536,0
1173,26015,"61,550",0.475,0
1174,26017,"103,126",0.764,0
1175,26019,"17,766",0.742,0
1176,26021,"153,401",0.763,0
1177,21089,"35,098",0.359,0
1178,26023,"43,517",0.429,0
1179,21091,"8,722",0.446,0
1180,26025,"134,159",0.767,0
1181,26027,"51,787",0.51,0
1182,26029,"26,143",0.592,0
1183,26031,"25,276",0.495,0
1184,26033,"37,349",0.59,0
1185,26035,"30,950",0.5,0
1186,21103,"16,126",0.37,0
1187,26037,"79,595",0.762,0
1188,21105,"4,380",0.271,0
1189,26039,"14,029",0.485,0
1190,26041,"35,784",0.579,0
1191,21109,"13,329",0.099,0
1192,26043,"25,239",0.457,0
1193,26045,"110,268",0.903,0
1194,21113,"54,115",0.397,0
1195,26047,"33,415",0.657,0
1196,26049,"405,813",1.221,1
1197,26051,"25,449",0.467,0
1198,21119,"14,806",0.286,0
1199,26053,"13,975",0.728,0
1200,26055,"93,088",0.765,0
1201,21123,"14,398",0.266,0
1202,26057,"40,711",0.573,0
1203,26059,"45,605",0.34,0
1204,26061,"35,684",0.71,0
1205,21129,"7,403",0.206,0
1206,26063,"30,981",0.428,0
1207,26065,"292,406",1.803,1
1208,26067,"64,697",0.502,0
1209,21135,"13,275",0.18,0
1210,26069,"25,127",0.521,0
1211,26071,"11,066",0.545,0
1212,26073,"69,872",0.924,0
1213,26075,"158,510",0.648,0
1214,21143,"8,210",0.375,0
1215,26077,"265,066",1.316,1
1216,26079,"18,038",0.373,0
1217,21147,"17,231",0.132,0
1218,26081,"656,955",0.936,0
1219,21149,"9,207",0.292,0
1220,26087,"87,607",0.424,0
1221,26091,"98,451",0.634,0
1222,21153,"12,161",0.306,0
1223,26093,"191,995",0.524,0
1224,26095,"6,229",0.388,0
1225,26097,"10,799",0.557,0
1226,21159,"11,195",0.104,0
1227,26099,"873,972",0.785,0
1228,26101,"24,558",0.72,0
1229,21163,"28,572",0.349,0
1230,26103,"66,699",1.095,1
1231,21165,"6,489",0.348,0
1232,26105,"29,144",0.621,0
1233,26107,"43,453",0.565,0
1234,21169,"10,071",0.28,0
1235,26111,"83,156",0.656,0
1236,26115,"150,500",0.621,0
1237,26117,"63,888",0.466,0
1238,26121,"173,566",1.033,1
1239,26123,"48,980",0.409,0
1240,26125,"1,257,584",1.186,1
1241,26127,"26,467",0.55,0
1242,26129,"20,997",0.444,0
1243,26131,"5,720",0.569,0
1244,26133,"23,460",0.369,0
1245,21189,"4,415",0.174,0
1246,26137,"24,668",0.43,0
1247,26139,"291,830",0.508,0
1248,26145,"190,539",0.976,0
1249,26147,"159,128",0.501,0
1250,21197,"12,359",0.362,0
1251,26149,"60,964",0.506,0
1252,26151,"41,170",0.362,0
1253,21201,"2,108",0.292,0
1254,26153,"8,094",0.536,0
1255,26155,"68,122",0.652,0
1256,26157,"52,245",0.434,0
1257,26159,"75,677",0.741,0
1258,26161,"367,601",2.538,1
1259,26163,"1,749,343",2.268,1
1260,26165,"33,631",0.444,0
1261,21215,"19,351",0.267,0
1262,27001,"15,886",0.568,0
1263,27003,"356,921",0.809,0
1264,21219,"12,294",0.288,0
1265,27005,"34,423",0.479,0
1266,27007,"47,188",0.806,0
1267,21223,"8,471",0.317,0
1268,27011,"4,991",0.573,0
1269,27013,"67,653",0.921,0
1270,27015,"25,008",0.432,0
1271,21229,"12,095",0.354,0
1272,27017,"35,871",1.037,1
1273,27019,"105,089",0.74,0
1274,21233,"12,942",0.282,0
1275,27021,"29,779",0.496,0
1276,27023,"11,800",0.526,0
1277,21237,"7,157",0.417,0
1278,27025,"56,579",0.503,0
1279,27029,"8,818",0.376,0
1280,27031,"5,463",1.654,1
1281,27033,"11,196",0.456,0
1282,27035,"65,055",0.493,0
1283,27037,"429,021",1.109,1
1284,27041,"38,141",0.446,0
1285,27043,"13,653",0.462,0
1286,27047,"30,281",0.686,0
1287,27049,"46,340",0.673,0
1288,27051,"5,972",0.536,0
1289,27053,"1,265,843",2.239,1
1290,27057,"21,491",0.471,0
1291,27059,"40,596",0.415,0
1292,22025,"9,494",0.38,0
1293,27061,"45,130",0.698,0
1294,27063,"9,846",0.413,0
1295,27065,"16,337",0.445,0
1296,27067,"43,199",0.568,0
1297,27069,"4,298",0.61,0
1298,27071,"12,229",0.646,0
1299,27073,"6,623",0.569,0
1300,27075,"10,641",1.049,1
1301,27077,"3,740",0.359,0
1302,22043,"22,389",0.159,0
1303,27079,"28,887",0.503,0
1304,27081,"5,639",0.445,0
1305,27083,"25,474",0.527,0
1306,27085,"35,893",0.41,0
1307,27087,"5,527",0.938,0
1308,27089,"9,336",0.382,0
1309,27091,"19,683",0.387,0
1310,27093,"23,222",0.394,0
1311,27095,"26,277",0.445,0
1312,27097,"33,386",0.281,0
1313,27099,"40,062",0.843,0
1314,27101,"8,194",0.435,0
1315,27103,"34,274",0.935,0
1316,27105,"21,629",0.516,0
1317,27107,"6,375",0.744,0
1318,27109,"158,293",1.017,1
1319,22075,"23,197",0.485,0
1320,27111,"58,746",0.446,0
1321,27113,"14,119",0.537,0
1322,27115,"29,579",0.559,0
1323,27117,"9,126",0.338,0
1324,27119,"31,364",0.525,0
1325,27121,"11,249",0.555,0
1326,27123,"550,321",2.507,1
1327,27127,"15,170",0.367,0
1328,27129,"14,548",0.433,0
1329,27131,"66,972",0.936,0
1330,27133,"9,315",0.444,0
1331,27135,"15,165",0.34,0
1332,27137,"199,070",1.294,1
1333,27139,"149,013",0.713,0
1334,27143,"14,865",0.376,0
1335,27145,"161,075",0.537,0
1336,22107,"4,334",1.127,1
1337,27147,"36,649",0.557,0
1338,27149,"9,805",0.756,0
1339,27151,"9,266",0.569,0
1340,27153,"24,664",0.328,0
1341,27155,"3,259",0.601,0
1342,27157,"21,627",0.553,0
1343,27159,"13,682",0.348,0
1344,22121,"26,465",0.777,0
1345,27161,"18,612",0.476,0
1346,27163,"262,440",1.041,1
1347,27165,"10,897",0.655,0
1348,27167,"6,207",0.419,0
1349,27169,"50,484",0.938,0
1350,27171,"138,377",0.47,0
1351,27173,"9,709",0.451,0
1352,28001,"30,693",1.321,1
1353,28003,"36,953",0.227,0
1354,28007,"18,174",0.662,0
1355,28011,"30,628",1.971,1
1356,28013,"14,361",0.435,0
1357,28017,"17,103",0.884,0
1358,28019,"8,210",0.437,0
1359,28021,"8,988",6.867,1
1360,23023,"35,856",1.146,1
1361,28023,"15,541",0.503,0
1362,28025,"19,316",1.379,1
1363,28027,"22,124",2.629,1
1364,28029,"28,065",1.105,1
1365,28031,"18,636",0.603,0
1366,28033,"184,945",0.478,0
1367,28035,"74,897",0.758,0
1368,28037,"7,713",0.552,0
1369,28039,"24,500",0.118,0
1370,24011,"33,406",0.428,0
1371,28041,"13,586",0.225,0
1372,28043,"20,758",0.741,0
1373,28045,"47,632",0.242,0
1374,28047,"208,080",0.525,0
1375,28049,"231,840",2.674,1
1376,28051,"17,010",5.11,1
1377,28053,"8,064",2.668,1
1378,28059,"143,617",0.436,0
1379,28061,"16,383",1.082,1
1380,28063,"6,990",6.81,1
1381,28065,"11,128",1.509,1
1382,28067,"68,098",0.387,0
1383,24035,"50,381",0.469,0
1384,28069,"9,742",1.59,1
1385,28071,"54,019",0.733,0
1386,28075,"74,125",0.635,0
1387,28077,"12,586",0.537,0
1388,28079,"22,786",0.749,0
1389,28081,"85,436",0.451,0
1390,28083,"28,183",2.424,1
1391,28085,"34,153",0.423,0
1392,28087,"58,595",0.891,0
1393,28089,"106,272",0.72,0
1394,28091,"24,573",0.469,0
1395,28093,"35,294",1.218,1
1396,28095,"35,252",0.543,0
1397,28097,"9,775",0.751,0
1398,28099,"29,118",0.354,0
1399,28101,"21,018",0.421,0
1400,28103,"10,417",3.623,1
1401,28105,"49,587",1.033,1
1402,28107,"34,192",0.998,0
1403,28109,"55,535",0.203,0
1404,28111,"11,973",0.295,0
1405,28113,"39,288",1.004,1
1406,26001,"10,405",0.412,0
1407,28115,"32,174",0.231,0
1408,28117,"25,126",0.27,0
1409,28119,"6,792",2.31,1
1410,28121,"155,271",0.299,0
1411,26009,"23,324",0.525,0
1412,28123,"28,124",0.697,0
1413,28125,"4,321",2.137,1
1414,28127,"26,658",0.524,0
1415,28129,"15,916",0.273,0
1416,28131,"18,336",0.296,0
1417,28133,"25,110",2.407,1
1418,28135,"13,809",1.355,1
1419,28137,"28,321",0.524,0
1420,28139,"22,015",0.254,0
1421,28141,"19,383",0.139,0
1422,28145,"28,815",0.218,0
1423,28147,"14,286",0.688,0
1424,28149,"45,381",0.951,0
1425,28151,"43,909",2.17,1
1426,28153,"20,183",0.588,0
1427,28155,"9,689",0.256,0
1428,28157,"8,630",2.168,1
1429,28159,"17,955",0.784,0
1430,28161,"12,108",0.765,0
1431,28163,"29,690",1.168,1
1432,29001,"25,343",0.58,0
1433,29005,"5,143",0.263,0
1434,29007,"25,388",0.368,0
1435,29009,"35,789",0.237,0
1436,29011,"11,754",0.16,0
1437,29013,"16,172",0.27,0
1438,29019,"180,463",1.136,1
1439,29021,"87,364",0.563,0
1440,29023,"42,478",0.222,0
1441,29027,"44,743",0.382,0
1442,29029,"46,305",0.281,0
1443,29031,"78,871",0.314,0
1444,29033,"8,679",0.214,0
1445,29037,"105,780",0.449,0
1446,29039,"14,349",0.201,0
1447,29043,"88,595",0.275,0
1448,29047,"249,948",0.788,0
1449,26083,"2,116",0.647,0
1450,29049,"20,387",0.364,0
1451,26085,"11,853",0.614,0
1452,29051,"76,745",0.443,0
1453,29053,"17,709",0.344,0
1454,26089,"21,761",0.936,0
1455,29065,"15,573",0.175,0
1456,29069,"29,131",0.294,0
1457,29071,"103,967",0.348,0
1458,29073,"14,706",0.268,0
1459,29075,"6,571",0.263,0
1460,29077,"293,086",0.548,0
1461,29079,"9,850",0.225,0
1462,29081,"8,352",0.194,0
1463,29083,"21,824",0.333,0
1464,29091,"40,117",0.207,0
1465,26109,"22,780",0.528,0
1466,29093,"10,125",0.294,0
1467,29095,"703,011",0.778,0
1468,26113,"15,118",0.291,0
1469,29097,"121,328",0.301,0
1470,29099,"225,081",0.457,0
1471,29101,"54,062",0.432,0
1472,26119,"9,328",0.368,0
1473,29105,"35,723",0.198,0
1474,29107,"32,708",0.369,0
1475,29109,"38,355",0.222,0
1476,29113,"59,013",0.307,0
1477,29115,"11,920",0.303,0
1478,29117,"15,227",0.259,0
1479,29121,"15,117",0.267,0
1480,29123,"12,088",0.245,0
1481,26135,"8,241",0.367,0
1482,29127,"28,530",0.318,0
1483,29145,"58,236",0.243,0
1484,29147,"22,092",0.396,0
1485,26141,"12,592",0.535,0
1486,29155,"15,805",0.491,0
1487,26143,"24,019",0.527,0
1488,29157,"19,136",0.22,0
1489,29159,"42,339",0.338,0
1490,29161,"44,573",0.375,0
1491,29163,"18,302",0.342,0
1492,29165,"104,418",0.773,0
1493,29167,"32,149",0.252,0
1494,29171,"4,696",0.182,0
1495,29175,"24,748",0.303,0
1496,29177,"23,018",0.435,0
1497,29179,"6,270",0.224,0
1498,29181,"13,288",0.184,0
1499,29183,"402,022",0.564,0
1500,29185,"9,397",0.267,0
1501,29186,"17,894",0.463,0
1502,29187,"67,215",0.358,0
1503,29189,"994,205",1.416,1
1504,27009,"40,889",0.438,0
1505,29195,"22,761",0.467,0
1506,29199,"4,902",0.239,0
1507,29201,"38,280",0.271,0
1508,29207,"29,025",0.169,0
1509,29211,"6,089",0.279,0
1510,29213,"55,928",0.239,0
1511,29215,"25,398",0.195,0
1512,29217,"20,563",0.261,0
1513,29221,"24,730",0.273,0
1514,27027,"64,222",0.958,0
1515,29510,"300,576",5.004,1
1516,30001,"9,453",0.341,0
1517,30003,"13,319",1.13,1
1518,30005,"6,681",0.948,0
1519,30007,"6,237",0.244,0
1520,30009,"10,725",0.488,0
1521,27039,"20,934",0.475,0
1522,30011,"1,252",0.103,0
1523,30013,"81,366",0.62,0
1524,30015,"5,635",0.436,0
1525,27045,"21,067",0.617,0
1526,30017,"11,402",0.322,0
1527,30019,"1,690",0.23,0
1528,30021,"8,613",0.237,0
1529,30023,"9,140",1.167,1
1530,30025,"2,846",0.12,0
1531,27055,"18,600",0.738,0
1532,30027,"11,050",0.282,0
1533,30029,"103,806",0.44,0
1534,30031,"114,434",1.019,1
1535,30033,"1,258",0.052,0
1536,30035,"13,753",1.927,1
1537,30039,"3,379",0.396,0
1538,30041,"16,484",0.682,0
1539,30047,"30,458",0.634,0
1540,30049,"69,432",0.857,0
1541,30051,"2,337",0.295,0
1542,30053,"19,980",0.303,0
1543,30055,"1,664",0.179,0
1544,30057,"8,600",0.358,0
1545,30059,"1,862",0.265,0
1546,30061,"4,397",0.39,0
1547,30063,"119,600",1.418,1
1548,30065,"4,633",0.169,0
1549,30067,"16,606",0.722,0
1550,30071,"3,954",0.185,0
1551,30073,"5,911",0.41,0
1552,30077,"6,890",0.272,0
1553,30079,"1,077",0.18,0
1554,30081,"43,806",0.42,0
1555,30083,"10,803",0.172,0
1556,30085,"11,004",0.868,0
1557,30087,"8,937",0.438,0
1558,30089,"12,113",0.284,0
1559,30091,"3,309",0.384,0
1560,30093,"34,915",1.352,1
1561,30095,"9,642",0.248,0
1562,30097,"3,737",0.252,0
1563,30099,"6,147",0.372,0
1564,30101,"4,736",0.269,0
1565,30105,"7,396",0.328,0
1566,30107,"2,126",0.255,0
1567,27125,"4,055",0.473,0
1568,30111,"161,300",0.542,0
1569,31001,"31,363",0.356,0
1570,31003,"6,298",0.14,0
1571,31011,"5,192",0.18,0
1572,31013,"10,783",0.267,0
1573,31015,"1,919",0.13,0
1574,31017,"2,955",0.11,0
1575,31019,"49,659",0.327,0
1576,27141,"97,238",0.428,0
1577,31021,"6,459",0.393,0
1578,31023,"8,016",0.224,0
1579,31029,"3,924",0.104,0
1580,31031,"5,689",0.121,0
1581,31033,"8,910",0.194,0
1582,31037,"10,709",0.396,0
1583,31039,"8,846",0.23,0
1584,31041,"10,777",0.137,0
1585,31045,"8,589",0.304,0
1586,31047,"23,595",0.357,0
1587,31053,"36,565",0.457,0
1588,31055,"571,327",1.053,1
1589,31057,"1,693",0.108,0
1590,31059,"5,462",0.288,0
1591,31061,"2,979",0.186,0
1592,31065,"4,676",0.158,0
1593,31067,"21,513",0.46,0
1594,31069,"1,837",0.176,0
1595,31079,"61,353",0.436,0
1596,28005,"12,297",0.629,0
1597,31081,"9,324",0.232,0
1598,31083,"3,380",0.17,0
1599,28009,"8,259",0.764,0
1600,31089,"10,067",0.122,0
1601,31093,"6,445",0.238,0
1602,31095,"7,046",0.349,0
1603,28015,"9,947",0.442,0
1604,31097,"5,071",0.415,0
1605,31099,"6,495",0.217,0
1606,31101,"8,034",0.177,0
1607,31105,"3,632",0.173,0
1608,31107,"8,332",0.226,0
1609,31109,"319,090",1.005,1
1610,31111,"34,914",0.239,0
1611,31119,"35,099",0.255,0
1612,31121,"7,755",0.206,0
1613,31123,"4,642",0.158,0
1614,31125,"3,519",0.223,0
1615,31127,"6,972",0.371,0
1616,31129,"4,148",0.205,0
1617,31131,"16,012",0.417,0
1618,31133,"2,613",0.286,0
1619,31135,"2,891",0.132,0
1620,31137,"9,034",0.149,0
1621,31139,"7,148",0.125,0
1622,31141,"33,470",0.241,0
1623,31143,"5,213",0.204,0
1624,28055,"1,327",1.326,1
1625,31145,"10,724",0.151,0
1626,28057,"23,390",0.132,0
1627,31147,"7,865",0.295,0
1628,31149,"1,357",0.102,0
1629,31151,"14,224",0.577,0
1630,31153,"187,196",0.621,0
1631,31155,"21,578",0.334,0
1632,31157,"35,618",0.318,0
1633,31159,"17,284",0.344,0
1634,31161,"5,246",0.13,0
1635,28073,"63,343",0.277,0
1636,31169,"5,003",0.243,0
1637,31173,"7,224",0.881,0
1638,31175,"4,158",0.19,0
1639,31177,"20,729",0.353,0
1640,31179,"9,385",0.31,0
1641,31181,"3,487",0.23,0
1642,31185,"13,679",0.252,0
1643,32001,"24,909",0.282,0
1644,32003,"2,266,715",1.257,1
1645,32005,"48,905",0.485,0
1646,32007,"52,778",0.251,0
1647,32013,"16,831",0.307,0
1648,32015,"5,532",0.22,0
1649,32017,"5,183",0.171,0
1650,32019,"57,510",0.384,0
1651,32021,"4,505",0.54,0
1652,32023,"46,523",0.382,0
1653,32027,"6,725",0.306,0
1654,32031,"471,519",1.028,1
1655,32033,"9,580",0.26,0
1656,32510,"55,916",0.732,0
1657,33001,"61,303",0.7,0
1658,33003,"48,910",0.887,0
1659,33005,"76,085",1.307,1
1660,33007,"31,563",0.825,0
1661,33009,"89,886",1.5,1
1662,33011,"417,025",0.996,0
1663,33013,"151,391",1.067,1
1664,33015,"309,769",0.884,0
1665,33017,"130,633",1.2,1
1666,33019,"43,146",0.946,0
1667,34001,"263,670",1.156,1
1668,34003,"932,202",1.317,1
1669,34005,"445,349",1.364,1
1670,34007,"506,471",2.02,1
1671,28143,"9,632",3.127,1
1672,34009,"92,039",0.659,0
1673,34011,"149,527",1.136,1
1674,34013,"798,975",3.812,1
1675,34015,"291,636",0.99,0
1676,34017,"672,391",3.342,1
1677,34019,"124,371",0.746,0
1678,34021,"367,430",2.268,1
1679,34023,"825,062",1.57,1
1680,34025,"618,795",0.823,0
1681,34027,"491,845",0.914,0
1682,34029,"607,186",0.487,0
1683,34031,"501,826",1.602,1
1684,29003,"17,712",0.307,0
1685,34033,"62,385",0.727,0
1686,34035,"328,934",1.308,1
1687,34037,"140,488",0.519,0
1688,34039,"556,341",2.164,1
1689,34041,"105,267",0.579,0
1690,35001,"679,121",1.514,1
1691,29015,"19,443",0.281,0
1692,35005,"64,615",0.43,0
1693,29017,"12,133",0.146,0
1694,35006,"26,675",1.171,1
1695,35007,"11,941",0.824,0
1696,35009,"48,954",0.345,0
1697,35013,"218,195",1.496,1
1698,29025,"9,020",0.259,0
1699,35015,"58,460",0.383,0
1700,35017,"26,998",1.187,1
1701,35019,"4,300",1.63,1
1702,35025,"71,070",0.315,0
1703,35027,"19,572",0.395,0
1704,29035,"5,982",0.188,0
1705,35028,"19,369",1.656,1
1706,35029,"23,709",0.919,0
1707,35031,"71,367",2.66,1
1708,29041,"7,426",0.301,0
1709,35035,"67,490",0.515,0
1710,35039,"38,921",2.665,1
1711,29045,"6,797",0.295,0
1712,35041,"18,500",0.374,0
1713,35043,"146,748",1.07,1
1714,35045,"123,958",0.46,0
1715,35047,"27,277",3.15,1
1716,35049,"150,358",3.544,1
1717,29055,"23,920",0.236,0
1718,35051,"10,791",0.536,0
1719,29057,"7,561",0.2,0
1720,35053,"16,637",1.266,1
1721,29059,"16,878",0.216,0
1722,35055,"32,723",3.912,1
1723,29061,"8,278",0.264,0
1724,35059,"4,059",0.263,0
1725,29063,"12,547",0.233,0
1726,36001,"305,506",1.738,1
1727,36003,"46,091",0.39,0
1728,29067,"13,185",0.179,0
1729,36005,"1,418,207",9.356,1
1730,36007,"190,488",0.958,0
1731,36009,"76,117",0.482,0
1732,36011,"76,576",0.778,0
1733,36013,"126,903",0.604,0
1734,36015,"83,456",0.685,0
1735,36017,"47,207",0.568,0
1736,36019,"80,485",1.042,1
1737,36021,"59,461",1.111,1
1738,29085,"9,544",0.287,0
1739,36023,"47,581",0.886,0
1740,29087,"4,403",0.18,0
1741,36025,"44,135",0.555,0
1742,29089,"10,001",0.392,0
1743,36027,"294,218",1.008,1
1744,36029,"918,702",1.144,1
1745,36031,"36,885",0.975,0
1746,36033,"50,022",0.888,0
1747,36035,"53,383",0.483,0
1748,36037,"57,280",0.452,0
1749,36043,"61,319",0.484,0
1750,29103,"3,959",0.268,0
1751,36045,"109,834",0.635,0
1752,36047,"2,559,903",4.542,1
1753,36049,"26,296",0.425,0
1754,36051,"62,914",0.619,0
1755,29111,"9,776",0.279,0
1756,36053,"70,941",0.732,0
1757,36055,"741,770",1.381,1
1758,36057,"49,221",0.584,0
1759,36059,"1,356,924",1.131,1
1760,29119,"22,837",0.201,0
1761,36061,"1,628,706",8.918,1
1762,36063,"209,281",0.684,0
1763,36065,"228,671",0.656,0
1764,29125,"8,697",0.223,0
1765,36067,"460,528",1.343,1
1766,36069,"109,777",0.854,0
1767,29129,"3,617",0.145,0
1768,36071,"384,940",0.891,0
1769,29131,"25,619",0.188,0
1770,36073,"40,352",0.409,0
1771,29133,"13,180",0.405,0
1772,36075,"117,124",0.617,0
1773,29135,"16,132",0.231,0
1774,36077,"59,493",0.785,0
1775,29137,"8,644",0.27,0
1776,36079,"98,320",0.717,0
1777,29139,"11,551",0.271,0
1778,36081,"2,253,858",3.463,1
1779,29141,"20,627",0.262,0
1780,36083,"158,714",0.97,0
1781,29143,"17,076",0.367,0
1782,36085,"476,143",0.731,0
1783,36087,"325,789",1.138,1
1784,36089,"107,740",0.827,0
1785,29149,"10,529",0.236,0
1786,36091,"229,863",0.933,0
1787,29151,"13,615",0.17,0
1788,36093,"155,299",1.166,1
1789,29153,"9,174",0.199,0
1790,36095,"30,999",0.48,0
1791,36097,"17,807",0.612,0
1792,36101,"95,379",0.467,0
1793,36103,"1,476,601",0.867,0
1794,36105,"75,432",0.789,0
1795,36109,"102,180",2.786,1
1796,36111,"177,573",1.238,1
1797,36113,"63,944",0.831,0
1798,29169,"52,607",0.296,0
1799,36117,"89,918",0.576,0
1800,36119,"967,506",2.08,1
1801,29173,"10,309",0.287,0
1802,36121,"39,859",0.314,0
1803,36123,"24,913",0.646,0
1804,37001,"169,509",0.769,0
1805,37005,"11,137",0.342,0
1806,37007,"24,446",1.3,1
1807,37009,"27,203",0.372,0
1808,37011,"17,557",0.268,0
1809,37013,"46,994",0.603,0
1810,37015,"18,947",1.672,1
1811,37017,"32,722",0.825,0
1812,37019,"142,820",0.545,0
1813,29197,"4,660",0.235,0
1814,37021,"261,191",1.354,1
1815,37023,"90,485",0.429,0
1816,37025,"216,453",0.66,0
1817,29203,"8,166",0.262,0
1818,37027,"82,178",0.316,0
1819,29205,"5,930",0.24,0
1820,37031,"69,473",0.374,0
1821,37035,"159,551",0.439,0
1822,29209,"31,952",0.219,0
1823,37037,"74,470",1.232,1
1824,37039,"28,612",0.264,0
1825,37041,"13,943",0.745,0
1826,37045,"97,947",0.525,0
1827,37047,"55,508",0.635,0
1828,29219,"35,649",0.352,0
1829,37049,"102,139",0.636,0
1830,37051,"335,509",1.397,1
1831,29223,"12,873",0.204,0
1832,37055,"37,009",0.63,0
1833,29225,"39,592",0.247,0
1834,37057,"167,609",0.333,0
1835,29227,"2,013",0.241,0
1836,37059,"42,846",0.338,0
1837,29229,"18,289",0.174,0
1838,37061,"58,741",0.678,0
1839,37063,"321,488",4.277,1
1840,37065,"51,472",1.964,1
1841,37067,"382,295",1.243,1
1842,37069,"69,685",0.787,0
1843,37071,"224,529",0.504,0
1844,37077,"60,443",0.95,0
1845,37081,"537,174",1.522,1
1846,37083,"50,010",1.744,1
1847,37085,"135,976",0.606,0
1848,37087,"62,317",0.553,0
1849,37089,"117,417",0.554,0
1850,37091,"23,677",2.23,1
1851,37093,"55,234",1.253,1
1852,37097,"181,806",0.452,0
1853,37099,"43,938",0.781,0
1854,37101,"209,339",0.522,0
1855,37105,"61,779",0.763,0
1856,37107,"55,949",0.928,0
1857,37109,"86,111",0.344,0
1858,30037,821,0.195,0
1859,37111,"45,756",0.32,0
1860,37113,"35,858",0.402,0
1861,37117,"22,440",0.991,0
1862,30043,"12,221",0.478,0
1863,37119,"1,110,356",1.894,1
1864,30045,"2,007",0.269,0
1865,37121,"14,964",0.254,0
1866,37123,"27,173",0.582,0
1867,37125,"100,880",0.536,0
1868,37127,"94,298",0.996,0
1869,37129,"234,473",0.921,0
1870,37133,"197,938",0.472,0
1871,37135,"148,476",3.229,1
1872,37139,"39,824",1.053,1
1873,37141,"63,060",0.53,0
1874,37145,"39,490",0.7,0
1875,37147,"180,742",1.172,1
1876,37149,"20,724",0.552,0
1877,30069,487,0.108,0
1878,37151,"143,667",0.267,0
1879,37153,"44,829",0.819,0
1880,37155,"130,625",0.916,0
1881,30075,"1,682",0.144,0
1882,37157,"91,010",0.53,0
1883,37159,"142,088",0.453,0
1884,37161,"67,029",0.343,0
1885,37163,"63,531",0.711,0
1886,37165,"34,823",1.17,1
1887,37167,"62,806",0.323,0
1888,37169,"45,591",0.273,0
1889,37171,"71,783",0.316,0
1890,37173,"14,271",0.616,0
1891,37175,"34,385",0.623,0
1892,37179,"239,859",0.515,0
1893,37181,"44,535",1.668,1
1894,37183,"1,111,761",1.544,1
1895,37187,"11,580",1.369,1
1896,30103,696,0.168,0
1897,37189,"56,177",1.032,1
1898,37191,"123,131",0.79,0
1899,37193,"68,412",0.279,0
1900,30109,969,0.119,0
1901,37195,"81,801",1.122,1
1902,37197,"37,667",0.228,0
1903,38001,"2,216",0.238,0
1904,38003,"10,415",0.505,0
1905,31005,463,0.07,0
1906,38009,"6,282",0.295,0
1907,31007,745,0.053,0
1908,38011,"3,024",0.157,0
1909,31009,465,0.109,0
1910,38015,"95,626",0.334,0
1911,38017,"181,923",0.788,0
1912,38019,"3,762",0.351,0
1913,38021,"4,872",0.332,0
1914,38023,"2,264",0.283,0
1915,38029,"3,241",0.128,0
1916,38031,"3,210",0.28,0
1917,38035,"69,451",0.664,0
1918,31025,"26,248",0.412,0
1919,38037,"2,274",0.167,0
1920,31027,"8,402",0.162,0
1921,38039,"2,231",0.352,0
1922,38051,"2,497",0.214,0
1923,38053,"15,024",0.19,0
1924,38055,"9,450",0.28,0
1925,31035,"6,203",0.197,0
1926,38057,"8,187",0.165,0
1927,38061,"10,545",0.473,0
1928,38063,"2,879",0.523,0
1929,38067,"6,801",0.308,0
1930,31043,"20,026",0.64,0
1931,38069,"3,975",0.3,0
1932,38071,"11,519",0.468,0
1933,38073,"5,218",0.693,0
1934,31049,"1,794",0.148,0
1935,38079,"14,176",1.725,1
1936,31051,"5,636",0.272,0
1937,38085,"4,230",2.915,1
1938,38089,"31,489",0.18,0
1939,38093,"20,704",0.372,0
1940,38095,"2,189",0.416,0
1941,38097,"8,036",0.548,0
1942,38099,"10,641",0.39,0
1943,31063,"2,627",0.145,0
1944,38101,"67,641",0.312,0
1945,38103,"3,834",0.233,0
1946,38105,"37,589",0.172,0
1947,39001,"27,698",0.269,0
1948,31071,"1,969",0.147,0
1949,39003,"102,351",0.436,0
1950,31073,"1,990",0.209,0
1951,39005,"53,484",0.328,0
1952,31075,623,0.054,0
1953,39007,"97,241",0.668,0
1954,31077,"2,356",0.23,0
1955,39009,"65,327",1.442,1
1956,39011,"45,656",0.213,0
1957,39013,"67,006",0.416,0
1958,39015,"43,432",0.299,0
1959,31085,922,0.064,0
1960,39017,"383,134",0.548,0
1961,31087,"2,762",0.131,0
1962,39021,"38,885",0.364,0
1963,39023,"134,083",0.663,0
1964,31091,682,0.113,0
1965,39025,"206,428",0.396,0
1966,39027,"41,968",0.294,0
1967,39029,"101,883",0.392,0
1968,39031,"36,600",0.372,0
1969,39033,"41,494",0.34,0
1970,39035,"1,235,072",2.162,1
1971,31103,806,0.087,0
1972,39037,"51,113",0.223,0
1973,39039,"38,087",0.459,0
1974,39041,"209,177",0.71,0
1975,39043,"74,266",0.817,0
1976,39045,"157,574",0.561,0
1977,31113,748,0.08,0
1978,39047,"28,525",0.343,0
1979,31115,664,0.149,0
1980,39049,"1,316,756",1.762,1
1981,31117,494,0.054,0
1982,39051,"42,126",0.443,0
1983,39053,"29,898",0.268,0
1984,39055,"93,649",0.581,0
1985,39057,"168,937",0.596,0
1986,39059,"38,875",0.381,0
1987,39061,"817,473",1.242,1
1988,39063,"75,783",0.397,0
1989,39065,"31,365",0.335,0
1990,39067,"15,040",0.331,0
1991,39069,"27,006",0.404,0
1992,39071,"43,161",0.269,0
1993,39073,"28,264",0.444,0
1994,39075,"43,960",0.205,0
1995,39077,"58,266",0.443,0
1996,39079,"32,413",0.324,0
1997,39081,"65,325",0.458,0
1998,39083,"62,322",0.427,0
1999,39085,"230,149",0.722,0
2000,39087,"59,463",0.373,0
2001,39089,"176,862",0.534,0
2002,39091,"45,672",0.291,0
2003,39093,"309,833",1.002,1
2004,39095,"428,348",1.464,1
2005,31163,"3,001",0.296,0
2006,39097,"44,731",0.411,0
2007,31165,"1,166",0.131,0
2008,39099,"228,683",1.07,1
2009,31167,"5,920",0.191,0
2010,39101,"65,093",0.467,0
2011,39103,"179,746",0.587,0
2012,31171,722,0.087,0
2013,39107,"41,172",0.193,0
2014,39109,"106,987",0.354,0
2015,39113,"531,687",0.985,0
2016,39117,"35,328",0.315,0
2017,39119,"86,215",0.462,0
2018,39123,"40,525",0.655,0
2019,31183,783,0.164,0
2020,39125,"18,672",0.322,0
2021,39129,"58,457",0.382,0
2022,39131,"27,772",0.448,0
2023,39133,"162,466",0.811,0
2024,39139,"121,154",0.44,0
2025,39141,"76,666",0.555,0
2026,32009,873,0.198,0
2027,39143,"58,518",0.609,0
2028,32011,"2,029",0.102,0
2029,39145,"75,314",0.444,0
2030,39147,"55,178",0.499,0
2031,39149,"48,590",0.228,0
2032,39151,"370,606",0.693,0
2033,39153,"541,013",1.198,1
2034,39155,"197,974",0.877,0
2035,39157,"91,987",0.453,0
2036,39159,"58,988",0.427,0
2037,32029,"4,123",0.465,0
2038,39161,"28,275",0.258,0
2039,39165,"234,602",0.434,0
2040,39167,"59,911",0.391,0
2041,39169,"115,710",0.466,0
2042,39171,"36,692",0.365,0
2043,39173,"130,817",0.841,0
2044,39175,"21,772",0.337,0
2045,40001,"22,194",0.289,0
2046,40005,"13,758",0.195,0
2047,40007,"5,311",0.088,0
2048,40009,"21,859",0.152,0
2049,40011,"9,429",0.247,0
2050,40013,"47,995",0.268,0
2051,40015,"28,762",0.373,0
2052,40017,"148,306",0.292,0
2053,40019,"48,111",0.291,0
2054,40021,"48,657",0.546,0
2055,40023,"14,672",0.254,0
2056,40025,"2,137",0.074,0
2057,40027,"284,014",0.621,0
2058,40029,"5,495",0.217,0
2059,40031,"120,749",0.598,0
2060,40035,"14,142",0.292,0
2061,40037,"71,522",0.271,0
2062,40039,"29,003",0.269,0
2063,40041,"43,009",0.28,0
2064,40043,"4,891",0.113,0
2065,40045,"3,859",0.096,0
2066,40047,"61,056",0.275,0
2067,40049,"27,711",0.225,0
2068,40051,"55,834",0.224,0
2069,40055,"5,712",0.218,0
2070,40057,"2,653",0.315,0
2071,40059,"3,688",0.102,0
2072,40061,"12,627",0.238,0
2073,40063,"13,279",0.284,0
2074,35003,"3,527",0.292,0
2075,40065,"24,530",0.247,0
2076,40067,"6,002",0.191,0
2077,40069,"11,085",0.254,0
2078,40071,"43,538",0.307,0
2079,40073,"15,765",0.152,0
2080,35011,"1,748",0.311,0
2081,40075,"8,708",0.295,0
2082,40077,"10,073",0.257,0
2083,40079,"49,853",0.243,0
2084,40081,"34,877",0.224,0
2085,40083,"48,011",0.312,0
2086,35021,625,0.502,0
2087,40085,"10,253",0.252,0
2088,35023,"4,198",0.862,0
2089,40087,"40,474",0.22,0
2090,40089,"32,832",0.208,0
2091,40091,"19,596",0.386,0
2092,40093,"7,629",0.105,0
2093,40095,"16,931",0.261,0
2094,40097,"41,100",0.296,0
2095,35033,"4,521",2.31,1
2096,40099,"14,073",0.26,0
2097,40101,"67,997",0.53,0
2098,35037,"8,253",0.46,0
2099,40103,"11,131",0.243,0
2100,40105,"10,076",0.223,0
2101,40107,"11,993",0.337,0
2102,40109,"797,434",0.797,0
2103,40111,"38,465",0.49,0
2104,40113,"46,963",0.445,0
2105,40115,"31,127",0.339,0
2106,40117,"16,376",0.284,0
2107,40119,"81,784",0.528,0
2108,40121,"43,654",0.291,0
2109,35057,"15,461",0.481,0
2110,40123,"38,284",0.349,0
2111,40125,"72,592",0.337,0
2112,35061,"76,688",0.82,0
2113,40127,"11,096",0.209,0
2114,40129,"3,583",0.098,0
2115,40131,"92,459",0.256,0
2116,40133,"24,258",0.369,0
2117,40135,"41,569",0.281,0
2118,40137,"43,143",0.218,0
2119,40139,"19,983",0.186,0
2120,40141,"7,250",0.338,0
2121,40143,"651,552",0.609,0
2122,40145,"81,289",0.292,0
2123,40147,"51,527",0.319,0
2124,40149,"10,916",0.153,0
2125,40151,"8,793",0.177,0
2126,40153,"20,211",0.138,0
2127,41001,"16,124",0.289,0
2128,41003,"93,053",2.171,1
2129,41005,"418,187",1.155,1
2130,41007,"40,224",1.137,1
2131,41011,"64,487",0.585,0
2132,41013,"24,404",0.31,0
2133,36039,"47,188",0.566,0
2134,41015,"22,925",0.596,0
2135,36041,"4,416",0.46,0
2136,41017,"197,692",0.929,0
2137,41019,"110,980",0.408,0
2138,41023,"7,199",0.23,0
2139,41025,"7,393",0.235,0
2140,41027,"23,382",1.99,1
2141,41029,"220,944",0.825,0
2142,41031,"24,658",0.543,0
2143,41033,"87,487",0.5,0
2144,41035,"68,238",0.353,0
2145,41037,"7,869",0.211,0
2146,41039,"382,067",1.53,1
2147,41041,"49,962",1.245,1
2148,41043,"129,749",0.537,0
2149,41045,"30,571",0.312,0
2150,41047,"347,818",0.912,0
2151,41049,"11,603",0.374,0
2152,41051,"812,855",4.305,1
2153,41053,"86,085",0.867,0
2154,41057,"27,036",0.882,0
2155,41059,"77,950",0.45,0
2156,41061,"26,835",0.385,0
2157,41063,"7,208",0.392,0
2158,41065,"26,682",0.82,0
2159,41067,"601,592",1.842,1
2160,41071,"107,100",0.83,0
2161,42001,"103,009",0.453,0
2162,42003,"1,216,045",1.417,1
2163,42005,"64,735",0.306,0
2164,42007,"163,929",0.675,0
2165,36099,"34,016",0.787,0
2166,42009,"47,888",0.186,0
2167,42011,"421,164",0.812,0
2168,42013,"121,829",0.357,0
2169,42015,"60,323",0.351,0
2170,36107,"48,203",0.568,0
2171,42017,"628,270",1.016,1
2172,42019,"187,853",0.444,0
2173,42021,"130,192",0.446,0
2174,42025,"64,182",0.477,0
2175,36115,"61,204",0.668,0
2176,42027,"162,385",1.051,1
2177,42029,"524,989",1.22,1
2178,42031,"38,438",0.34,0
2179,42033,"79,255",0.329,0
2180,42035,"38,632",0.473,0
2181,42037,"64,964",0.496,0
2182,37003,"37,497",0.271,0
2183,42039,"84,629",0.439,0
2184,42041,"253,370",0.682,0
2185,42043,"278,299",1.063,1
2186,42045,"566,747",1.603,1
2187,42047,"29,910",0.384,0
2188,42049,"269,728",0.967,0
2189,42051,"129,274",0.519,0
2190,42055,"155,027",0.351,0
2191,42057,"14,530",0.16,0
2192,42059,"36,233",0.413,0
2193,42061,"45,144",0.313,0
2194,42063,"84,073",0.463,0
2195,42065,"43,425",0.24,0
2196,37029,"10,867",0.359,0
2197,42069,"209,674",1.074,1
2198,42071,"545,724",0.661,0
2199,37033,"22,604",0.795,0
2200,42073,"85,512",0.551,0
2201,42075,"141,793",0.468,0
2202,42077,"369,318",1.104,1
2203,42079,"317,417",0.667,0
2204,42081,"113,299",0.365,0
2205,37043,"11,231",0.308,0
2206,42083,"40,625",0.346,0
2207,42085,"109,424",0.594,0
2208,42087,"46,138",0.275,0
2209,42089,"170,271",1.016,1
2210,42091,"830,915",1.574,1
2211,37053,"27,763",0.318,0
2212,42093,"18,230",0.54,0
2213,42095,"305,285",0.924,0
2214,42097,"90,843",0.385,0
2215,42101,"1,584,064",5.37,1
2216,42105,"16,526",0.208,0
2217,42107,"141,359",0.381,0
2218,42111,"73,447",0.269,0
2219,42115,"40,328",0.397,0
2220,42117,"40,591",0.287,0
2221,42119,"44,923",0.582,0
2222,37073,"11,562",0.83,0
2223,42121,"50,668",0.394,0
2224,37075,"8,441",0.234,0
2225,42123,"39,191",0.412,0
2226,42125,"206,865",0.592,0
2227,37079,"21,069",0.824,0
2228,42127,"51,361",0.431,0
2229,42129,"348,899",0.512,0
2230,42131,"26,794",0.431,0
2231,42133,"449,058",0.533,0
2232,44003,"164,292",0.986,0
2233,44005,"82,082",1.516,1
2234,44007,"638,931",1.572,1
2235,44009,"125,577",1.239,1
2236,37095,"4,937",0.749,0
2237,45001,"24,527",0.553,0
2238,45003,"170,872",0.553,0
2239,45005,"8,688",3.466,1
2240,45007,"202,558",0.375,0
2241,37103,"9,419",0.694,0
2242,45009,"14,066",1.769,1
2243,45011,"20,866",0.9,0
2244,45013,"192,122",0.749,0
2245,45019,"411,406",1.184,1
2246,45021,"57,300",0.402,0
2247,45023,"32,244",0.906,0
2248,37115,"21,755",0.579,0
2249,45025,"45,650",0.736,0
2250,45027,"33,745",1.047,1
2251,45029,"37,677",0.839,0
2252,45031,"66,618",0.927,0
2253,45033,"30,479",1.035,1
2254,45035,"162,809",0.688,0
2255,45037,"27,260",0.656,0
2256,45039,"22,347",1.725,1
2257,37131,"19,483",1.715,1
2258,45041,"138,293",0.903,0
2259,45043,"62,680",0.765,0
2260,45045,"523,542",0.583,0
2261,37137,"12,726",0.575,0
2262,45047,"70,811",0.632,0
2263,45049,"19,222",1.482,1
2264,45051,"354,081",0.441,0
2265,37143,"13,463",0.555,0
2266,45053,"30,073",1.148,1
2267,45055,"66,551",0.589,0
2268,45057,"98,012",0.582,0
2269,45059,"67,493",0.529,0
2270,45063,"298,750",0.44,0
2271,45067,"30,657",1.574,1
2272,45069,"26,118",1.395,1
2273,45071,"38,440",0.621,0
2274,45073,"79,546",0.331,0
2275,45075,"86,175",2.206,1
2276,45077,"126,884",0.286,0
2277,45079,"415,759",2.058,1
2278,45083,"319,785",0.524,0
2279,45085,"106,721",1.283,1
2280,45087,"27,316",0.67,0
2281,45089,"30,368",2.046,1
2282,45091,"280,979",0.623,0
2283,37177,"4,016",0.738,0
2284,46005,"18,453",0.429,0
2285,46007,"3,365",0.619,0
2286,46009,"6,901",0.334,0
2287,46011,"35,077",0.723,0
2288,37185,"19,731",1.995,1
2289,46013,"38,839",0.567,0
2290,46015,"5,297",0.365,0
2291,46023,"9,292",0.393,0
2292,46027,"14,070",1.237,1
2293,46029,"28,009",0.409,0
2294,46033,"8,972",0.34,0
2295,46035,"19,775",0.457,0
2296,37199,"18,069",0.501,0
2297,46037,"5,424",0.599,0
2298,46039,"4,351",0.417,0
2299,46041,"5,892",1.228,1
2300,38005,"6,832",0.906,0
2301,46043,"2,921",0.16,0
2302,38007,928,0.119,0
2303,46045,"3,829",0.265,0
2304,46047,"6,713",0.327,0
2305,46049,"2,299",0.238,0
2306,38013,"2,115",0.133,0
2307,46051,"7,052",0.408,0
2308,46053,"4,185",0.244,0
2309,46055,"1,899",0.082,0
2310,46059,"3,191",0.24,0
2311,46065,"17,526",0.474,0
2312,46067,"7,291",0.275,0
2313,38025,"4,424",0.202,0
2314,46073,"2,013",0.407,0
2315,38027,"2,287",0.449,0
2316,46077,"4,939",0.418,0
2317,46079,"12,797",0.573,0
2318,46081,"25,844",0.453,0
2319,38033,"1,761",0.124,0
2320,46083,"61,128",0.521,0
2321,46089,"2,379",0.215,0
2322,46091,"4,935",0.714,0
2323,46093,"28,332",0.263,0
2324,38041,"2,499",0.16,0
2325,46099,"193,134",0.728,0
2326,38043,"2,480",0.161,0
2327,46101,"6,576",0.603,0
2328,38045,"4,046",0.339,0
2329,46102,"14,177",0.472,0
2330,38047,"1,850",0.128,0
2331,46103,"113,775",0.141,0
2332,38049,"5,745",0.239,0
2333,46107,"2,153",0.718,0
2334,46109,"10,394",0.294,0
2335,46115,"6,376",0.496,0
2336,46121,"10,177",3.09,1
2337,46123,"5,441",0.223,0
2338,38059,"31,364",0.272,0
2339,46125,"8,384",0.327,0
2340,46127,"15,932",0.421,0
2341,46129,"5,435",0.241,0
2342,38065,"1,959",0.143,0
2343,46135,"22,814",0.583,0
2344,47001,"76,978",0.469,0
2345,47003,"49,713",0.296,0
2346,47005,"16,160",0.313,0
2347,47007,"15,064",0.248,0
2348,38075,"2,327",0.202,0
2349,47009,"133,088",0.323,0
2350,38077,"16,177",0.433,0
2351,47011,"108,110",0.238,0
2352,47013,"39,842",0.228,0
2353,38081,"3,898",0.638,0
2354,47015,"14,678",0.281,0
2355,38083,"1,315",0.146,0
2356,47017,"27,767",0.3,0
2357,47019,"56,391",0.204,0
2358,38087,750,0.119,0
2359,47021,"40,667",0.343,0
2360,47025,"31,959",0.213,0
2361,38091,"1,890",0.671,0
2362,47027,"7,615",0.33,0
2363,47029,"36,004",0.202,0
2364,47031,"56,520",0.329,0
2365,47035,"60,520",0.255,0
2366,47037,"694,144",1.761,1
2367,47039,"11,663",0.249,0
2368,47041,"20,490",0.303,0
2369,47043,"53,948",0.357,0
2370,47045,"37,159",0.277,0
2371,47047,"41,133",0.45,0
2372,47049,"18,523",0.182,0
2373,47051,"42,208",0.379,0
2374,47053,"49,133",0.381,0
2375,47055,"29,464",0.366,0
2376,47059,"69,069",0.227,0
2377,47063,"64,934",0.257,0
2378,47065,"367,804",0.703,0
2379,39019,"26,914",0.341,0
2380,47067,"6,620",0.175,0
2381,47069,"25,050",0.851,0
2382,47071,"25,652",0.202,0
2383,47073,"56,786",0.211,0
2384,47075,"17,304",1.232,1
2385,47077,"28,117",0.221,0
2386,47079,"32,345",0.322,0
2387,47081,"25,178",0.32,0
2388,47083,"8,201",0.397,0
2389,47085,"18,582",0.399,0
2390,47089,"54,495",0.236,0
2391,47091,"17,788",0.183,0
2392,47093,"470,313",0.594,0
2393,47097,"25,633",0.626,0
2394,47099,"44,142",0.227,0
2395,47103,"34,366",0.246,0
2396,47105,"54,068",0.279,0
2397,47107,"53,794",0.239,0
2398,47109,"25,694",0.236,0
2399,47111,"24,602",0.171,0
2400,47113,"97,984",0.724,0
2401,47115,"28,907",0.368,0
2402,47117,"34,375",0.348,0
2403,47119,"96,387",0.422,0
2404,47123,"46,545",0.238,0
2405,47125,"208,993",0.671,0
2406,47131,"30,069",0.255,0
2407,47133,"22,241",0.321,0
2408,47135,"8,076",0.275,0
2409,47139,"16,832",0.246,0
2410,47141,"80,245",0.361,0
2411,47143,"33,167",0.224,0
2412,47145,"53,382",0.305,0
2413,47147,"71,813",0.342,0
2414,47149,"332,285",0.569,0
2415,47151,"22,068",0.155,0
2416,47155,"98,250",0.22,0
2417,47157,"937,166",1.796,1
2418,47159,"20,157",0.307,0
2419,47163,"158,348",0.268,0
2420,47165,"191,283",0.362,0
2421,47167,"61,599",0.342,0
2422,47169,"11,284",0.45,0
2423,39105,"22,907",0.309,0
2424,47171,"17,883",0.223,0
2425,47177,"41,277",0.371,0
2426,47179,"129,375",0.38,0
2427,39111,"13,654",0.341,0
2428,47181,"16,673",0.142,0
2429,47183,"33,328",0.308,0
2430,39115,"14,508",0.392,0
2431,47185,"27,345",0.241,0
2432,47187,"238,412",0.455,0
2433,47189,"144,657",0.365,0
2434,39121,"14,424",0.268,0
2435,48001,"57,735",0.255,0
2436,48003,"18,705",0.213,0
2437,48005,"86,715",0.348,0
2438,39127,"36,134",0.405,0
2439,48013,"51,153",0.54,0
2440,48015,"30,032",0.241,0
2441,48017,"7,000",0.295,0
2442,48021,"88,723",0.647,0
2443,39135,"40,882",0.28,0
2444,48023,"3,509",0.151,0
2445,39137,"33,861",0.195,0
2446,48025,"32,565",0.726,0
2447,48027,"362,924",0.727,0
2448,48029,"2,003,554",1.33,1
2449,48035,"18,685",0.202,0
2450,48037,"93,245",0.355,0
2451,48039,"374,264",0.593,0
2452,48041,"229,211",0.597,0
2453,48043,"9,203",0.902,0
2454,48049,"37,864",0.135,0
2455,48051,"18,443",0.28,0
2456,48053,"48,155",0.259,0
2457,48055,"43,664",0.717,0
2458,48057,"21,290",0.457,0
2459,39163,"13,085",0.348,0
2460,48061,"423,163",2.016,1
2461,48063,"13,094",0.394,0
2462,48067,"30,026",0.246,0
2463,48069,"7,530",0.372,0
2464,48071,"43,837",0.221,0
2465,48073,"52,646",0.269,0
2466,48075,"7,306",0.14,0
2467,48077,"10,471",0.122,0
2468,40003,"5,702",0.112,0
2469,48079,"2,853",0.28,0
2470,40033,"5,666",0.206,0
2471,40053,"4,333",0.158,0
2472,41009,"52,354",0.769,0
2473,41021,"1,912",0.356,0
2474,41055,"1,780",0.276,0
2475,41069,"1,332",0.262,0
2476,42023,"4,447",0.334,0
2477,42053,"7,247",0.372,0
2478,42067,"24,763",0.22,0
2479,42099,"46,272",0.297,0
2480,42103,"55,809",0.576,0
2481,42109,"40,372",0.341,0
2482,42113,"6,066",0.327,0
2483,44001,"48,479",1.63,1
2484,45015,"227,907",0.689,0
2485,45017,"14,553",0.943,0
2486,45061,"16,828",1.855,1
2487,45065,"9,463",0.935,0
2488,45081,"20,473",0.509,0
2489,46003,"2,751",0.349,0
2490,46017,"1,962",1.731,1
2491,46019,"10,429",0.207,0
2492,46021,"1,376",0.149,0
2493,46025,"3,736",0.349,0
2494,46031,"4,086",0.91,0
2495,46057,"6,164",0.271,0
2496,46061,"3,453",0.283,0
2497,46063,"1,298",0.055,0
2498,46069,"1,301",0.23,0
2499,46071,"3,344",0.447,0
2500,46075,903,0.153,0
2501,46085,"3,781",0.378,0
2502,46087,"5,586",0.347,0
2503,46095,"2,061",0.592,0
2504,46097,"2,216",0.398,0
2505,46105,"2,865",0.201,0
2506,46111,"2,344",10.415,1
2507,46117,"3,098",0.287,0
2508,46119,"1,391",0.202,0
2509,46137,"2,756",0.959,0
2510,47023,"17,297",0.245,0
2511,47033,"14,230",0.327,0
2512,47057,"23,320",0.174,0
2513,47061,"13,427",0.275,0
2514,47087,"11,786",0.349,0
2515,47095,"7,016",0.425,0
2516,47101,"12,268",0.248,0
2517,47121,"12,422",0.256,0
2518,47127,"6,488",0.213,0
2519,47129,"21,403",0.194,0
2520,47137,"5,048",0.265,0
2521,47153,"15,026",0.237,0
2522,47161,"13,715",0.316,0
2523,47173,"19,972",0.2,0
2524,47175,"5,872",0.296,0
2525,48007,"23,510",0.318,0
2526,48009,"8,553",0.104,0
2527,48011,"1,887",0.076,0
2528,48019,"23,112",0.211,0
2529,48031,"11,931",0.295,0
2530,48033,654,0.094,0
2531,48045,"1,546",0.146,0
2532,48047,"7,093",3.16,1
2533,48059,"13,943",0.117,0
2534,48065,"5,926",0.095,0
2535,48081,"3,387",0.111,0
2536,48083,"8,175",0.122,0
2537,48085,"1,034,730",0.7,0
2538,48087,"2,920",0.148,0
2539,48089,"21,493",0.314,0
2540,48091,"156,209",0.315,0
2541,48093,"13,635",0.182,0
2542,48095,"2,726",0.167,0
2543,48097,"41,257",0.178,0
2544,48099,"75,951",0.414,0
2545,48101,"1,398",0.182,0
2546,48103,"4,797",0.285,0
2547,48105,"3,464",0.38,0
2548,48107,"5,737",0.396,0
2549,48109,"2,171",1.621,1
2550,48111,"7,287",0.176,0
2551,48113,"2,635,516",1.754,1
2552,48115,"12,728",0.317,0
2553,48117,"18,546",0.407,0
2554,48119,"5,331",0.218,0
2555,48121,"887,207",0.65,0
2556,48123,"20,160",0.211,0
2557,48125,"2,211",0.17,0
2558,48127,"10,124",2.231,1
2559,48129,"3,278",0.156,0
2560,48131,"11,157",2.115,1
2561,48133,"18,360",0.129,0
2562,48135,"166,223",0.41,0
2563,48137,"1,932",0.406,0
2564,48139,"184,826",0.362,0
2565,48141,"839,238",2.663,1
2566,48143,"42,698",0.193,0
2567,48145,"17,297",0.489,0
2568,48147,"35,514",0.223,0
2569,48149,"25,346",0.245,0
2570,48151,"3,830",0.319,0
2571,48153,"5,712",0.295,0
2572,48155,"1,155",0.295,0
2573,48157,"811,688",1.148,1
2574,48159,"10,725",0.185,0
2575,48161,"19,717",0.244,0
2576,48163,"20,306",1.317,1
2577,48165,"21,492",0.153,0
2578,48167,"342,139",0.592,0
2579,48169,"6,229",0.188,0
2580,48171,"26,988",0.219,0
2581,48173,"1,409",0.061,0
2582,48175,"7,658",0.371,0
2583,48177,"20,837",0.342,0
2584,48179,"21,886",0.108,0
2585,48181,"136,212",0.292,0
2586,48183,"123,945",0.406,0
2587,48185,"28,880",0.311,0
2588,48187,"166,847",0.502,0
2589,48189,"33,406",0.33,0
2590,48191,"2,964",0.184,0
2591,48193,"8,461",0.157,0
2592,48195,"5,399",0.099,0
2593,48197,"3,933",0.206,0
2594,48199,"57,602",0.142,0
2595,48201,"4,713,325",1.297,1
2596,48203,"66,553",0.381,0
2597,48205,"5,576",0.1,0
2598,48207,"5,658",0.224,0
2599,48209,"230,191",0.982,0
2600,48211,"3,819",0.124,0
2601,48213,"82,737",0.24,0
2602,48215,"868,707",2.443,1
2603,48217,"36,649",0.252,0
2604,48219,"23,021",0.217,0
2605,48221,"61,643",0.187,0
2606,48223,"37,084",0.234,0
2607,48225,"22,968",0.319,0
2608,48227,"36,664",0.267,0
2609,48229,"4,886",0.644,0
2610,48231,"98,594",0.268,0
2611,48233,"20,938",0.121,0
2612,48235,"1,536",0.136,0
2613,48237,"8,935",0.106,0
2614,48239,"14,760",0.212,0
2615,48241,"35,529",0.244,0
2616,48243,"2,274",0.607,0
2617,48245,"251,565",0.99,0
2618,48247,"5,200",3.802,1
2619,48249,"40,482",1.235,1
2620,48251,"175,817",0.248,0
2621,48253,"20,083",0.194,0
2622,48255,"15,601",0.386,0
2623,48257,"136,154",0.347,0
2624,48259,"47,431",0.232,0
2625,48261,404,1.179,1
2626,48263,762,0.164,0
2627,48265,"52,600",0.264,0
2628,48267,"4,337",0.121,0
2629,48269,272,0.034,0
2630,48271,"3,667",0.489,0
2631,48273,"30,680",1.08,1
2632,48275,"3,664",0.229,0
2633,48277,"49,859",0.246,0
2634,48279,"12,893",0.248,0
2635,48281,"21,428",0.232,0
2636,48283,"7,520",1.295,1
2637,48285,"20,154",0.159,0
2638,48287,"17,239",0.275,0
2639,48289,"17,404",0.142,0
2640,48291,"88,219",0.257,0
2641,48293,"23,437",0.307,0
2642,48295,"3,233",0.116,0
2643,48297,"12,207",0.214,0
2644,48299,"21,795",0.22,0
2645,48301,169,0.069,0
2646,48303,"310,569",0.427,0
2647,48305,"5,951",0.261,0
2648,48307,"7,984",0.189,0
2649,48309,"256,623",0.561,0
2650,48311,743,0.088,0
2651,48313,"14,284",0.263,0
2652,48315,"9,854",0.391,0
2653,48317,"5,771",0.183,0
2654,48319,"4,274",0.214,0
2655,48321,"36,643",0.418,0
2656,48323,"58,722",3.692,1
2657,48325,"51,584",0.383,0
2658,48327,"2,138",0.226,0
2659,48329,"176,832",0.271,0
2660,48331,"24,823",0.322,0
2661,48333,"4,873",0.125,0
2662,48335,"8,545",0.199,0
2663,48337,"19,818",0.118,0
2664,48339,"607,391",0.305,0
2665,48341,"20,940",0.276,0
2666,48343,"12,388",0.414,0
2667,48345,"1,200",0.071,0
2668,48347,"65,204",0.463,0
2669,48349,"50,113",0.334,0
2670,48351,"13,595",0.27,0
2671,48353,"14,714",0.29,0
2672,48355,"362,294",0.969,0
2673,48357,"9,836",0.104,0
2674,48359,"2,112",0.092,0
2675,48361,"83,396",0.225,0
2676,48363,"29,189",0.206,0
2677,48365,"23,194",0.217,0
2678,48367,"142,878",0.18,0
2679,48369,"9,605",0.253,0
2680,48371,"15,823",0.63,0
2681,48373,"51,353",0.276,0
2682,48375,"117,415",0.39,0
2683,48377,"6,704",2.236,1
2684,48379,"12,514",0.158,0
2685,48381,"137,713",0.193,0
2686,48383,"3,849",0.236,0
2687,48385,"3,452",0.19,0
2688,48387,"12,023",0.293,0
2689,48389,"15,976",1.171,1
2690,48391,"6,948",0.565,0
2691,48393,854,0.038,0
2692,48395,"17,074",0.472,0
2693,48397,"104,915",0.339,0
2694,48399,"10,264",0.139,0
2695,48401,"54,406",0.268,0
2696,48403,"10,542",0.154,0
2697,48405,"8,237",0.347,0
2698,48407,"28,859",0.253,0
2699,48409,"66,730",0.604,0
2700,48411,"6,055",0.145,0
2701,48413,"2,793",0.253,0
2702,48415,"16,703",0.166,0
2703,48417,"3,265",0.075,0
2704,48419,"25,274",0.245,0
2705,48421,"3,022",0.119,0
2706,48423,"232,751",0.378,0
2707,48425,"9,128",0.169,0
2708,48427,"64,633",4.177,1
2709,48429,"9,366",0.115,0
2710,48431,"1,291",0.128,0
2711,48433,"1,350",0.243,0
2712,48435,"3,776",0.291,0
2713,48437,"7,397",0.276,0
2714,48439,"2,102,515",0.834,0
2715,48441,"138,034",0.303,0
2716,48443,776,0.486,0
2717,48445,"12,337",0.306,0
2718,48447,"1,501",0.117,0
2719,48449,"32,750",0.399,0
2720,48451,"119,200",0.334,0
2721,48453,"1,273,954",2.423,1
2722,48455,"14,651",0.244,0
2723,48457,"21,672",0.188,0
2724,48459,"41,753",0.18,0
2725,48461,"3,657",0.284,0
2726,48463,"26,741",0.8,0
2727,48465,"49,025",1.182,1
2728,48467,"56,590",0.152,0
2729,48469,"92,084",0.417,0
2730,48471,"72,971",0.473,0
2731,48473,"55,246",0.546,0
2732,48475,"11,998",0.307,0
2733,48477,"35,882",0.309,0
2734,48479,"276,652",3.268,1
2735,48481,"41,556",0.418,0
2736,48483,"5,056",0.093,0
2737,48485,"132,230",0.317,0
2738,48487,"12,769",0.256,0
2739,48489,"21,358",2.212,1
2740,48491,"590,551",0.811,0
2741,48493,"51,070",0.342,0
2742,48495,"8,010",0.299,0
2743,48497,"69,984",0.165,0
2744,48499,"45,539",0.168,0
2745,48501,"8,713",0.237,0
2746,48503,"18,010",0.133,0
2747,48505,"14,179",2.005,1
2748,48507,"11,840",3.798,1
2749,49001,"6,710",0.144,0
2750,49003,"56,046",0.187,0
2751,49005,"128,289",0.405,0
2752,49007,"20,463",0.325,0
2753,49009,950,0.233,0
2754,49011,"355,481",0.462,0
2755,49013,"19,938",0.091,0
2756,49015,"10,012",0.111,0
2757,49017,"5,051",0.223,0
2758,49019,"9,754",0.992,0
2759,49021,"54,839",0.212,0
2760,49023,"12,017",0.156,0
2761,49025,"7,886",0.327,0
2762,49027,"13,188",0.112,0
2763,49029,"12,124",0.181,0
2764,49031,"1,479",0.075,0
2765,49033,"2,483",0.13,0
2766,49035,"1,160,437",1.274,1
2767,49037,"15,308",0.772,0
2768,49039,"30,939",0.159,0
2769,49041,"21,620",0.103,0
2770,49043,"42,145",1.432,1
2771,49045,"72,259",0.409,0
2772,49047,"35,734",0.101,0
2773,49049,"636,235",0.279,0
2774,49051,"34,091",0.501,0
2775,49053,"177,556",0.241,0
2776,49055,"2,711",0.281,0
2777,49057,"260,213",0.575,0
2778,50001,"36,777",2.118,1
2779,50003,"35,470",1.61,1
2780,50005,"29,993",1.165,1
2781,50007,"163,774",2.947,1
2782,50009,"6,163",0.677,0
2783,50011,"49,402",1.068,1
2784,50013,"7,235",1.408,1
2785,50015,"25,362",2.028,1
2786,50017,"28,892",1.506,1
2787,50019,"27,037",1.005,1
2788,50021,"58,191",1.093,1
2789,50023,"58,409",2.326,1
2790,50025,"42,222",2.629,1
2791,50027,"55,062",2.04,1
2792,51001,"32,316",0.785,0
2793,51003,"109,330",1.731,1
2794,51005,"14,860",0.444,0
2795,51007,"13,145",0.452,0
2796,51009,"31,605",0.52,0
2797,51011,"15,911",0.354,0
2798,51013,"236,842",4.558,1
2799,51015,"75,558",0.313,0
2800,51017,"4,147",0.39,0
2801,51019,"78,997",0.319,0
2802,51021,"6,280",0.176,0
2803,51023,"33,419",0.336,0
2804,51025,"16,231",1.471,1
2805,51027,"21,004",0.236,0
2806,51029,"17,148",0.792,0
2807,51031,"54,885",0.341,0
2808,51033,"30,725",0.9,0
2809,51035,"29,791",0.24,0
2810,51036,"6,963",1.691,1
2811,51037,"11,880",0.619,0
2812,51041,"352,802",0.953,0
2813,51043,"14,619",0.655,0
2814,51045,"5,131",0.253,0
2815,51047,"52,605",0.581,0
2816,51049,"9,932",0.755,0
2817,51051,"14,318",0.271,0
2818,51053,"28,544",0.774,0
2819,51057,"10,953",0.957,0
2820,51059,"1,147,532",2.252,1
2821,51061,"71,222",0.586,0
2822,51063,"15,749",0.435,0
2823,51065,"27,270",0.82,0
2824,51067,"56,042",0.391,0
2825,51069,"89,313",0.457,0
2826,51071,"16,720",0.33,0
2827,51073,"37,348",0.413,0
2828,51075,"23,753",0.583,0
2829,51077,"15,550",0.252,0
2830,51079,"19,819",0.492,0
2831,51081,"11,336",1.473,1
2832,51083,"33,911",0.711,0
2833,51085,"107,766",0.489,0
2834,51087,"330,818",1.569,1
2835,51089,"50,557",0.539,0
2836,51091,"2,190",0.387,0
2837,51093,"37,109",0.646,0
2838,51095,"76,523",0.897,0
2839,51097,"7,025",0.699,0
2840,51099,"26,836",0.546,0
2841,51101,"17,148",0.462,0
2842,51103,"10,603",0.814,0
2843,51105,"23,423",0.216,0
2844,51107,"413,538",1.441,1
2845,51109,"37,591",0.59,0
2846,51111,"12,196",0.695,0
2847,51113,"13,261",0.499,0
2848,51115,"8,834",0.444,0
2849,51117,"30,587",0.758,0
2850,51119,"10,582",0.574,0
2851,51121,"98,535",1.029,1
2852,51125,"14,930",0.888,0
2853,51127,"23,091",0.437,0
2854,51131,"11,710",1.212,1
2855,51133,"12,095",0.663,0
2856,51135,"15,232",0.762,0
2857,51137,"37,051",0.566,0
2858,51139,"23,902",0.321,0
2859,51141,"17,608",0.274,0
2860,51143,"60,354",0.427,0
2861,51145,"29,652",0.342,0
2862,51147,"22,802",1.119,1
2863,51149,"38,353",0.701,0
2864,51153,"470,335",1.578,1
2865,51155,"34,027",0.404,0
2866,51157,"7,370",0.688,0
2867,51159,"9,023",0.609,0
2868,51161,"94,186",0.548,0
2869,51163,"22,573",0.525,0
2870,51165,"81,948",0.36,0
2871,51167,"26,586",0.245,0
2872,51169,"21,566",0.192,0
2873,51171,"43,616",0.374,0
2874,51173,"30,104",0.273,0
2875,51175,"17,631",0.714,0
2876,51177,"136,215",0.699,0
2877,51179,"152,882",0.824,0
2878,51181,"6,422",1.249,1
2879,51183,"11,159",1.401,1
2880,51185,"40,595",0.191,0
2881,51187,"40,164",0.439,0
2882,51191,"53,740",0.287,0
2883,51193,"18,015",0.862,0
2884,51195,"37,383",0.223,0
2885,51197,"28,684",0.276,0
2886,51199,"68,280",0.69,0
2887,51510,"159,428",4.309,1
2888,51520,"16,762",0.375,0
2889,51530,"6,478",0.485,0
2890,51540,"47,266",6.048,1
2891,51550,"244,835",0.974,0
2892,51570,"17,370",0.417,0
2893,51580,"5,538",0.678,0
2894,51590,"40,044",1.514,1
2895,51595,"5,346",1.939,1
2896,51600,"24,019",1.99,1
2897,51610,"14,617",4.395,1
2898,51620,"7,967",1.773,1
2899,51630,"29,036",1.791,1
2900,51640,"6,347",0.425,0
2901,51650,"134,510",2.308,1
2902,51660,"53,016",1.631,1
2903,51670,"22,529",1.216,1
2904,51678,"7,446",1.977,1
2905,51680,"82,168",0.823,0
2906,51683,"41,085",1.415,1
2907,51685,"17,478",1.849,1
2908,51690,"12,554",1.644,1
2909,51700,"179,225",1.791,1
2910,51710,"242,742",2.646,1
2911,51720,"3,981",0.375,0
2912,51730,"31,346",8.285,1
2913,51735,"12,271",0.314,0
2914,51740,"94,398",2.227,1
2915,51750,"18,249",1.109,1
2916,51760,"230,436",5.215,1
2917,51770,"99,143",1.507,1
2918,51775,"25,301",0.582,0
2919,51790,"24,932",1.039,1
2920,51800,"92,108",1.293,1
2921,51810,"449,974",0.927,0
2922,51820,"22,630",0.784,0
2923,51830,"14,954",2.704,1
2924,51840,"28,078",1.078,1
2925,53001,"19,983",0.421,0
2926,53003,"22,582",0.546,0
2927,53005,"204,390",0.559,0
2928,53007,"77,200",0.719,0
2929,53009,"77,331",0.941,0
2930,53011,"488,241",1.003,1
2931,53013,"3,985",0.351,0
2932,53015,"110,593",0.74,0
2933,53017,"43,429",0.512,0
2934,53019,"7,627",0.499,0
2935,53021,"95,222",0.673,0
2936,53023,"2,225",0.328,0
2937,53025,"97,733",0.422,0
2938,53027,"75,061",0.854,0
2939,53029,"85,141",1.135,1
2940,53031,"32,221",2.096,1
2941,53033,"2,252,782",3.32,1
2942,53035,"271,473",1.288,1
2943,53037,"47,935",0.741,0
2944,53039,"22,425",0.724,0
2945,53041,"80,707",0.439,0
2946,53043,"10,939",0.303,0
2947,53045,"66,768",0.877,0
2948,53047,"42,243",0.655,0
2949,53049,"22,471",0.862,0
2950,53051,"13,724",0.442,0
2951,53053,"904,980",1.175,1
2952,53055,"17,582",2.668,1
2953,53057,"129,205",1.079,1
2954,53059,"12,083",0.762,0
2955,53061,"822,083",1.444,1
2956,53063,"522,798",0.827,0
2957,53065,"45,723",0.38,0
2958,53067,"290,536",1.415,1
2959,53069,"4,488",0.619,0
2960,53071,"60,760",0.71,0
2961,53073,"229,247",1.486,1
2962,53075,"50,104",1.1,1
2963,53077,"250,873",0.75,0
2964,54001,"16,441",0.27,0
2965,54003,"119,171",0.436,0
2966,54005,"21,457",0.275,0
2967,54007,"13,957",0.373,0
2968,54009,"21,939",0.388,0
2969,54011,"91,945",0.577,0
2970,54013,"7,109",0.224,0
2971,54015,"8,508",0.247,0
2972,54017,"8,448",0.154,0
2973,54019,"42,406",0.414,0
2974,54021,"7,823",0.287,0
2975,54023,"11,568",0.118,0
2976,54025,"34,662",0.394,0
2977,54027,"23,175",0.236,0
2978,54029,"28,810",0.366,0
2979,54031,"13,776",0.27,0
2980,54033,"67,256",0.41,0
2981,54035,"28,576",0.295,0
2982,54037,"57,146",0.721,0
2983,54039,"178,124",0.645,0
2984,54041,"15,907",0.255,0
2985,54043,"20,409",0.275,0
2986,54045,"32,019",0.211,0
2987,54047,"17,624",0.311,0
2988,54049,"56,072",0.475,0
2989,54051,"30,531",0.302,0
2990,54053,"26,516",0.272,0
2991,54055,"58,758",0.27,0
2992,54057,"26,868",0.226,0
2993,54059,"23,424",0.173,0
2994,54061,"105,612",0.797,0
2995,54063,"13,275",0.25,0
2996,54065,"17,884",0.274,0
2997,54067,"24,496",0.254,0
2998,54069,"41,411",0.493,0
2999,54071,"6,969",0.304,0
3000,54073,"7,460",0.263,0
3001,54075,"8,247",0.372,0
3002,54077,"33,432",0.259,0
3003,54079,"56,450",0.331,0
3004,54081,"73,361",0.292,0
3005,54083,"28,695",0.359,0
3006,54085,"9,554",0.146,0
3007,54087,"13,688",0.323,0
3008,54089,"12,573",0.344,0
3009,54091,"16,695",0.315,0
3010,54093,"6,839",0.293,0
3011,54095,"8,591",0.169,0
3012,54097,"24,176",0.252,0
3013,54099,"39,402",0.301,0
3014,54101,"8,114",0.242,0
3015,54103,"15,065",0.301,0
3016,54105,"5,821",0.202,0
3017,54107,"83,518",0.33,0
3018,54109,"20,394",0.162,0
3019,55001,"20,220",0.63,0
3020,55003,"15,562",1.28,1
3021,55005,"45,244",0.579,0
3022,55007,"15,036",1.201,1
3023,55009,"264,542",0.794,0
3024,55011,"13,031",0.625,0
3025,55013,"15,414",0.545,0
3026,55015,"50,089",0.628,0
3027,55017,"64,658",0.664,0
3028,55019,"34,774",0.489,0
3029,55021,"57,532",0.955,0
3030,55023,"16,131",0.891,0
3031,55025,"546,695",3.052,1
3032,55027,"87,839",0.524,0
3033,55029,"27,668",0.935,0
3034,55031,"43,150",1.175,1
3035,55033,"45,368",0.786,0
3036,55035,"104,646",1.171,1
3037,55037,"4,295",0.351,0
3038,55039,"103,403",0.56,0
3039,55041,"9,004",0.568,0
3040,55043,"51,439",0.814,0
3041,55045,"36,960",1.049,1
3042,55047,"18,913",0.435,0
3043,55049,"23,678",1.387,1
3044,55051,"5,687",0.609,0
3045,55053,"20,643",0.779,0
3046,55055,"84,769",0.707,0
3047,55057,"26,687",0.572,0
3048,55059,"169,561",0.993,0
3049,55061,"20,434",0.548,0
3050,55063,"118,016",1.228,1
3051,55065,"16,665",0.827,0
3052,55067,"19,189",0.507,0
3053,55069,"27,593",0.639,0
3054,55071,"78,981",0.625,0
3055,55073,"135,692",0.679,0
3056,55075,"40,350",0.48,0
3057,55077,"15,574",0.596,0
3058,55078,"4,556",3.729,1
3059,55079,"945,726",2.295,1
3060,55081,"46,253",0.621,0
3061,55083,"37,930",0.444,0
3062,55085,"35,595",0.669,0
3063,55087,"187,885",0.764,0
3064,55089,"89,221",0.663,0
3065,55091,"7,287",0.61,0
3066,55093,"42,754",0.745,0
3067,55095,"43,783",0.548,0
3068,55097,"70,772",1.07,1
3069,55099,"13,351",0.585,0
3070,55101,"196,311",0.912,0
3071,55103,"17,252",0.889,0
3072,55105,"163,354",1.249,1
3073,55107,"14,178",0.476,0
3074,55109,"90,687",0.667,0
3075,55111,"64,442",0.993,0
3076,55113,"16,558",0.676,0
3077,55115,"40,899",0.475,0
3078,55117,"115,340",0.707,0
3079,55119,"20,343",0.364,0
3080,55121,"29,649",0.765,0
3081,55123,"30,822",0.908,0
3082,55125,"22,195",0.584,0
3083,55127,"103,868",0.648,0
3084,55129,"15,720",0.608,0
3085,55131,"136,034",0.403,0
3086,55133,"404,198",0.556,0
3087,55135,"50,990",0.521,0
3088,55137,"24,443",0.494,0
3089,55139,"171,907",0.853,0
3090,55141,"72,999",0.662,0
3091,56001,"38,880",0.906,0
3092,56003,"11,790",0.149,0
3093,56005,"46,341",0.084,0
3094,56007,"14,800",0.29,0
3095,56009,"13,822",0.121,0
3096,56011,"7,584",0.082,0
3097,56013,"39,261",0.376,0
3098,56015,"13,211",0.209,0
3099,56017,"4,413",0.206,0
3100,56019,"8,445",0.183,0
3101,56021,"99,500",0.466,0
3102,56023,"19,830",0.163,0
3103,56025,"79,858",0.279,0
3104,56027,"2,356",0.103,0
3105,56029,"29,194",0.228,0
3106,56031,"8,393",0.209,0
3107,56033,"30,485",0.285,0
3108,56035,"9,831",0.189,0
3109,56037,"42,343",0.266,0
3110,56039,"23,464",1.865,1
3111,56041,"20,226",0.195,0
3112,56043,"7,805",0.183,0
3113,56045,"6,927",0.099,0
